hashtag,source,target
FIFAWorldCup,FIFAWorldCup,Herochange133
FIFAWorldCup,FIFAWorldCup,Herochange133
FIFAWorldCup,Runa_Toyoda0717,Herochange133
FIFAWorldCup,FIFAWorldCup,Herochange133
FIFAWorldCup,FIFAWorldCup,Herochange133
FIFAWorldCup,TheAthletic,Herochange133
FIFAWorldCup,FIFAWorldCup,Herochange133
FIFAWorldCup,HNS_CFF,dramaticmimi
FIFAWorldCup,warnockofficial,VacantFT
FIFAWorldCup,ThatsFootballTV,VacantFT
FIFAWorldCup,HNS_CFF,iva394
FIFAWorldCup,MarioBerky,Torquat28352878
FIFAWorldCup,HNS_CFF,Torquat28352878
FIFAWorldCup,HNS_CFF,Torquat28352878
FIFAWorldCup,FIFAWorldCup,YaBoiBru
FIFAWorldCup,HNS_CFF,YaBoiBru
FIFAWorldCup,HNS_CFF,YaBoiBru
FIFAWorldCup,FIFAWorldCup,YaBoiBru
FIFAWorldCup,HNS_CFF,YaBoiBru
FIFAWorldCup,PriyanshADesai2,Drawing23147245
FIFAWorldCup,FIFAWorldCup,thfc_josip
FIFAWorldCup,TeleFootball,LordKalmus
FIFAWorldCup,IrlEmbCroatia,damirvucic99
FIFAWorldCup,FIFAWorldCup,damirvucic99
FIFAWorldCup,ChelseaFC,FilipSutic
FIFAWorldCup,ChelseaFC,FilipSutic
FIFAWorldCup,HNS_CFF,FilipSutic
FIFAWorldCup,ChelseaFC,FilipSutic
FIFAWorldCup,PopBase,Robert45927440
FIFAWorldCup,CroatiaFooty,Robert45927440
FIFAWorldCup,FIFAWorldCup,chevenzon
FIFAWorldCup,bts_bighit,chevenzon
FIFAWorldCup,FIFAWorldCup,chevenzon
FIFAWorldCup,bts_bighit,anjak1101
FIFAWorldCup,bts_bighit,anjak1101
FIFAWorldCup,FIFAWorldCup,anjak1101
FIFAWorldCup,FutbolOhyeah,Nick96180184
FIFAWorldCup,FutbolOhyeah,Nick96180184
FIFAWorldCup,FIFAWorldCup,kruno_perovic
FIFAWorldCup,FIFAWorldCup,kruno_perovic
FIFAWorldCup,FIFAWorldCup,kruno_perovic
FIFAWorldCup,FIFAWorldCup,kruno_perovic
FIFAWorldCup,TheAthletic,kruno_perovic
FIFAWorldCup,MoMoniMonique,kruno_perovic
FIFAWorldCup,Football__Tweet,KieranEatsShit
FIFAWorldCup,FIFAWorldCup,skoobiman
FIFAWorldCup,FIFAWorldCup,skoobiman
FIFAWorldCup,HNS_CFF,skoobiman
FIFAWorldCup,javierlanza,skoobiman
FIFAWorldCup,HNS_CFF,skoobiman
FIFAWorldCup,HNS_CFF,skoobiman
FIFAWorldCup,HNS_CFF,skoobiman
FIFAWorldCup,HNS_CFF,Tominellay
FIFAWorldCup,MarsalQatar_EN,ZvonimirMilas
FIFAWorldCup,TEAMtalk,ZvonimirMilas
FIFAWorldCup,TheInsiderPaper,brankocovic
FIFAWorldCup,bts_bighit,amalka55
FIFAWorldCup,FIFAWorldCup,amalka55
FIFAWorldCup,CSebrie,Poisoned_Ivy007
FIFAWorldCup,HNS_CFF,Poisoned_Ivy007
FIFAWorldCup,HNS_CFF,impostor_yellow
FIFAWorldCup,HNS_CFF,impostor_yellow
FIFAWorldCup,FIFAWorldCup,KMihetec
FIFAWorldCup,my_jmochi,KMihetec
FIFAWorldCup,TSN_Sports,KMihetec
FIFAWorldCup,HNS_CFF,KMihetec
FIFAWorldCup,HNS_CFF,KMihetec
FIFAWorldCup,HNS_CFF,KMihetec
FIFAWorldCup,Football__Tweet,KMihetec
FIFAWorldCup,HNS_CFF,KMihetec
FIFAWorldCup,GFuelEnergy,karloVlasic1
FIFAWorldCup,FIFAWorldCup,ElGanador13
FIFAWorldCup,cryptocom,ElGanador13
FIFAWorldCup,cryptocom,ElGanador13
FIFAWorldCup,cryptocom,ElGanador13
FIFAWorldCup,cryptocom,ElGanador13
FIFAWorldCup,cryptocom,ElGanador13
FIFAWorldCup,cryptocom,ElGanador13
FIFAWorldCup,cryptocom,ElGanador13
FIFAWorldCup,cryptocom,ElGanador13
FIFAWorldCup,cryptocom,ElGanador13
FIFAWorldCup,cryptocom,ElGanador13
FIFAWorldCup,cryptocom,ElGanador13
FIFAWorldCup,cryptocom,ElGanador13
FIFAWorldCup,cryptocom,ElGanador13
FIFAWorldCup,cryptocom,ElGanador13
FIFAWorldCup,cryptocom,ElGanador13
FIFAWorldCup,cryptocom,ElGanador13
FIFAWorldCup,cryptocom,ElGanador13
FIFAWorldCup,cryptocom,ElGanador13
FIFAWorldCup,cryptocom,ElGanador13
FIFAWorldCup,cryptocom,ElGanador13
FIFAWorldCup,cryptocom,ElGanador13
FIFAWorldCup,skalifowitz,xfact14
FIFAWorldCup,cryptocom,xfact14
FIFAWorldCup,loadedlion786,xfact14
FIFAWorldCup,HNS_CFF,xfact14
FIFAWorldCup,HNS_CFF,xfact14
FIFAWorldCup,FIFAWorldCup,xfact14
FIFAWorldCup,FIFAWorldCup,xfact14
FIFAWorldCup,cryptocom,xfact14
FIFAWorldCup,FIFAWorldCup,xfact14
FIFAWorldCup,CelticFC,xfact14
FIFAWorldCup,CroatiaFooty,xfact14
FIFAWorldCup,HNS_CFF,xfact14
FIFAWorldCup,JohnCleese,alensb41
FIFAWorldCup,FIFAWorldCup,Invictadria
FIFAWorldCup,zahacktanvir,Invictadria
FIFAWorldCup,HNS_CFF,Invictadria
FIFAWorldCup,HNS_CFF,Invictadria
FIFAWorldCup,CroatiaFooty,Invictadria
FIFAWorldCup,TheB_BURSIN,kataa2020
FIFAWorldCup,HNS_CFF,kataa2020
FIFAWorldCup,TheB_BURSIN,kataa2020
FIFAWorldCup,HNS_CFF,kataa2020
FIFAWorldCup,p_petricaa,kataa2020
FIFAWorldCup,NMSupportt,MusicManNOEL
FIFAWorldCup,FIFAWorldCup,MusicManNOEL
FIFAWorldCup,EK_Hrvatska,GlasHrvatske
FIFAWorldCup,SofascoreINT,arsenaloFka
FIFAWorldCup,CroatiaFooty,arsenaloFka
FIFAWorldCup,FIFAWorldCup,arsenaloFka
FIFAWorldCup,FIFAWorldCup,arsenaloFka
FIFAWorldCup,CroatiaFooty,arsenaloFka
FIFAWorldCup,SofascoreINT,arsenaloFka
FIFAWorldCup,kikikremenjas23,NogometPlusNet
FIFAWorldCup,OnsOranje,NogometPlusNet
FIFAWorldCup,HNS_CFF,NogometPlusNet
FIFAWorldCup,HNS_CFF,NogometPlusNet
FIFAWorldCup,HNS_CFF,NogometPlusNet
FIFAWorldCup,ryandsoares,NogometPlusNet
FIFAWorldCup,MarkoSilov,NogometPlusNet
FIFAWorldCup,MarkoSilov,NogometPlusNet
FIFAWorldCup,HNS_CFF,NogometPlusNet
FIFAWorldCup,Football__Tweet,NogometPlusNet
FIFAWorldCup,HNS_CFF,NogometPlusNet
FIFAWorldCup,Squawka,NogometPlusNet
FIFAWorldCup,HNS_CFF,NogometPlusNet
FIFAWorldCup,HNS_CFF,NogometPlusNet
FIFAWorldCup,kikikremenjas23,NogometPlusNet
FIFAWorldCup,PopBase,KikiSwiftie_
FIFAWorldCup,HNS_CFF,IvankaSCK
FIFAWorldCup,HNS_CFF,IvankaSCK
FIFAWorldCup,HNS_CFF,Tomisla83092361
FIFAWorldCup,HNS_CFF,Tomisla83092361
FIFAWorldCup,HNS_CFF,Tomisla83092361
FIFAWorldCup,OptaJoe,CallMeMilan
FIFAWorldCup,LugonjicNovaTV,kresosz
FIFAWorldCup,SofascoreINT,kresosz
FIFAWorldCup,FIFAWorldCup,natalija0313
FIFAWorldCup,FIFAWorldCup,MarinkoKordic
FIFAWorldCup,FIFAWorldCup,MarinkoKordic
FIFAWorldCup,PM_ViktorOrban,MarinkoKordic
FIFAWorldCup,HakimAbdi,MarinkoKordic
FIFAWorldCup,GuevaraSkroz,slaventurkovic
FIFAWorldCup,HakimAbdi,slaventurkovic
FIFAWorldCup,bts_bighit,SpringDayRoses
FIFAWorldCup,realmadriden,NeovisniA
FIFAWorldCup,realmadrid,NeovisniA
FIFAWorldCup,realmadridfra,NeovisniA
FIFAWorldCup,realmadridjapan,NeovisniA
FIFAWorldCup,FIFAWorldCup,NeovisniA
FIFAWorldCup,HNS_CFF,NeovisniA
FIFAWorldCup,HNS_CFF,NeovisniA
FIFAWorldCup,HNS_CFF,NeovisniA
FIFAWorldCup,HNS_CFF,NeovisniA
FIFAWorldCup,HNS_CFF,NeovisniA
FIFAWorldCup,HNS_CFF,NeovisniA
FIFAWorldCup,HNS_CFF,NeovisniA
FIFAWorldCup,HNS_CFF,NeovisniA
FIFAWorldCup,HNS_CFF,NeovisniA
FIFAWorldCup,FIFAWorldCup,NeovisniA
FIFAWorldCup,FIFAWorldCup,NeovisniA
FIFAWorldCup,HNS_CFF,NeovisniA
FIFAWorldCup,HNS_CFF,NeovisniA
FIFAWorldCup,HNS_CFF,NeovisniA
FIFAWorldCup,HNS_CFF,NeovisniA
FIFAWorldCup,FIFAWorldCup,NeovisniA
FIFAWorldCup,HNS_CFF,NeovisniA
FIFAWorldCup,HNS_CFF,NeovisniA
FIFAWorldCup,HNS_CFF,NeovisniA
FIFAWorldCup,HNS_CFF,NeovisniA
FIFAWorldCup,HNS_CFF,NeovisniA
FIFAWorldCup,HNS_CFF,NeovisniA
FIFAWorldCup,HNS_CFF,NeovisniA
FIFAWorldCup,HNS_CFF,NeovisniA
FIFAWorldCup,HNS_CFF,NeovisniA
FIFAWorldCup,HNS_CFF,NeovisniA
FIFAWorldCup,HNS_CFF,NeovisniA
FIFAWorldCup,FIFAWorldCup,NeovisniA
FIFAWorldCup,realmadrid,NeovisniA
FIFAWorldCup,ChelseaFC,NeovisniA
FIFAWorldCup,HNS_CFF,NeovisniA
FIFAWorldCup,HNS_CFF,NeovisniA
FIFAWorldCup,FIFAWorldCup,NeovisniA
FIFAWorldCup,HNS_CFF,NeovisniA
FIFAWorldCup,HNS_CFF,NeovisniA
FIFAWorldCup,HNS_CFF,NeovisniA
FIFAWorldCup,HNS_CFF,NeovisniA
FIFAWorldCup,HNS_CFF,NeovisniA
FIFAWorldCup,HNS_CFF,NeovisniA
FIFAWorldCup,realmadrid,NeovisniA
FIFAWorldCup,FIFAWorldCup,NeovisniA
FIFAWorldCup,realmadriden,NeovisniA
FIFAWorldCup,realmadridfra,NeovisniA
FIFAWorldCup,SofascoreINT,NeovisniA
FIFAWorldCup,realmadridjapan,NeovisniA
FIFAWorldCup,FIFAWorldCup,NeovisniA
FIFAWorldCup,SofascoreINT,NeovisniA
FIFAWorldCup,ChelseaFC,NeovisniA
FIFAWorldCup,HNS_CFF,NeovisniA
FIFAWorldCup,HNS_CFF,NeovisniA
FIFAWorldCup,FIFAWorldCup,NeovisniA
FIFAWorldCup,HNS_CFF,NeovisniA
FIFAWorldCup,HNS_CFF,NeovisniA
FIFAWorldCup,HNS_CFF,NeovisniA
FIFAWorldCup,HNS_CFF,NeovisniA
FIFAWorldCup,HNS_CFF,NeovisniA
FIFAWorldCup,HNS_CFF,NeovisniA
FIFAWorldCup,HNS_CFF,NeovisniA
FIFAWorldCup,HNS_CFF,NeovisniA
FIFAWorldCup,HNS_CFF,NeovisniA
FIFAWorldCup,HNS_CFF,NeovisniA
FIFAWorldCup,HNS_CFF,NeovisniA
FIFAWorldCup,HNS_CFF,NeovisniA
FIFAWorldCup,HNS_CFF,NeovisniA
FIFAWorldCup,HNS_CFF,NeovisniA
FIFAWorldCup,HNS_CFF,NeovisniA
FIFAWorldCup,HNS_CFF,NeovisniA
FIFAWorldCup,HNS_CFF,NeovisniA
FIFAWorldCup,HNS_CFF,NeovisniA
FIFAWorldCup,HNS_CFF,NeovisniA
FIFAWorldCup,HNS_CFF,NeovisniA
FIFAWorldCup,HNS_CFF,NeovisniA
FIFAWorldCup,bts_bighit,kkotjin
FIFAWorldCup,bts_bighit,kkotjin
FIFAWorldCup,FIFAWorldCup,kkotjin
FIFAWorldCup,btschartdata,kkotjin
FIFAWorldCup,chartdata,kkotjin
FIFAWorldCup,bts_bighit,kkotjin
FIFAWorldCup,FIFAWorldCup,kkotjin
FIFAWorldCup,MirrorFootball,Mado66tweet
FIFAWorldCup,imanilfc,Mado66tweet
FIFAWorldCup,HNS_CFF,DRDevourer
FIFAWorldCup,FIFAWorldCup,PrvaHrvLiga
FIFAWorldCup,HNS_CFF,PrvaHrvLiga
FIFAWorldCup,NKLokomotiva,PrvaHrvLiga
FIFAWorldCup,HNS_CFF,PrvaHrvLiga
FIFAWorldCup,realmadriden,PrvaHrvLiga
FIFAWorldCup,HNS_CFF,PrvaHrvLiga
FIFAWorldCup,HNS_CFF,PrvaHrvLiga
FIFAWorldCup,HNS_CFF,PrvaHrvLiga
FIFAWorldCup,HNS_CFF,PrvaHrvLiga
FIFAWorldCup,HNS_CFF,PrvaHrvLiga
FIFAWorldCup,LugonjicNovaTV,PrvaHrvLiga
FIFAWorldCup,NITISH_0408,zeljkototh
FIFAWorldCup,FIFAWorldCup,mili_escx
FIFAWorldCup,FIFAWorldCup,mili_escx
FIFAWorldCup,FIFAWorldCup,mili_escx
FIFAWorldCup,FIFAWorldCup,mili_escx
FIFAWorldCup,FIFAWorldCup,mili_escx
FIFAWorldCup,FIFAWorldCup,mili_escx
FIFAWorldCup,FIFAWorldCup,mili_escx
FIFAWorldCup,HNS_CFF,mili_escx
FIFAWorldCup,HNS_CFF,zmay_maya
FIFAWorldCup,animetv_jp,Jurk0o
FIFAWorldCup,IGN,Jurk0o
FIFAWorldCup,animetv_jp,Jurk0o
FIFAWorldCup,virtualstatman,__k_o_r_i_n_a__
FIFAWorldCup,HNS_CFF,__k_o_r_i_n_a__
FIFAWorldCup,HNS_CFF,__k_o_r_i_n_a__
FIFAWorldCup,FIFAWorldCup,DobriF
FIFAWorldCup,HNS_CFF,witchofgric
FIFAWorldCup,HNS_CFF,p_petricaa
FIFAWorldCup,HNS_CFF,p_petricaa
FIFAWorldCup,HNS_CFF,p_petricaa
FIFAWorldCup,HNS_CFF,p_petricaa
FIFAWorldCup,HNS_CFF,p_petricaa
FIFAWorldCup,HNS_CFF,p_petricaa
FIFAWorldCup,fifaworldcup_es,Marina87251891
FIFAWorldCup,GregAbbott_TX,Marina87251891
FIFAWorldCup,HNS_CFF,Marina87251891
FIFAWorldCup,HNS_CFF,VladoMusic
FIFAWorldCup,FIFAWorldCup,opacak1950
FIFAWorldCup,TrollFootball,opacak1950
FIFAWorldCup,FIFAWorldCup,Gmizavci
FIFAWorldCup,runews,Gmizavci
FIFAWorldCup,Squawka,Gmizavci
FIFAWorldCup,Squawka,Gmizavci
FIFAWorldCup,FiercePC,astridfrost13
FIFAWorldCup,FiercePC,astridfrost13
FIFAWorldCup,FIFAWorldCup,Mladen2008
FIFAWorldCup,HNS_CFF,Mladen2008
FIFAWorldCup,HNS_CFF,Mladen2008
FIFAWorldCup,kikikremenjas23,ThatTLOUFanboy
FIFAWorldCup,EK_Hrvatska,OgnianZlatev
FIFAWorldCup,PopBase,tittyrry
FIFAWorldCup,CroatiaFooty,i_penava
FIFAWorldCup,CroatiaFooty,i_penava
FIFAWorldCup,bts_bighit,ateezholic
FIFAWorldCup,HNS_CFF,ateezholic
FIFAWorldCup,PopBase,lillylenz
FIFAWorldCup,FIFAWorldCup,lillylenz
FIFAWorldCup,HNS_CFF,lillylenz
FIFAWorldCup,HNS_CFF,lillylenz
FIFAWorldCup,HNS_CFF,lillylenz
FIFAWorldCup,FIFAWorldCup,lillylenz
FIFAWorldCup,mynameiskb24,lillylenz
FIFAWorldCup,CroatiaFooty,lillylenz
FIFAWorldCup,TheImpoliteBird,lillylenz
FIFAWorldCup,davey2point0,lillylenz
FIFAWorldCup,95_oppa,lillylenz
FIFAWorldCup,MoveTheChainsCA,lillylenz
FIFAWorldCup,BSdander,lillylenz
FIFAWorldCup,CroatiaFooty,lillylenz
FIFAWorldCup,HNS_CFF,lillylenz
FIFAWorldCup,LeChouNews,CepoDario
FIFAWorldCup,YemeniFatima,CepoDario
FIFAWorldCup,HNS_CFF,DubrovnikTimes
FIFAWorldCup,HNS_CFF,CroatiaWeek
FIFAWorldCup,HNS_CFF,CroatiaWeek
FIFAWorldCup,HNS_CFF,CroatiaWeek
FIFAWorldCup,HNS_CFF,CroatiaWeek
FIFAWorldCup,HNS_CFF,CroatiaWeek
FIFAWorldCup,HNS_CFF,CroatiaWeek
FIFAWorldCup,HNS_CFF,CroatiaWeek
FIFAWorldCup,HNS_CFF,CroatiaWeek
FIFAWorldCup,HNS_CFF,CroatiaWeek
FIFAWorldCup,FIFAWorldCup,anivran
FIFAWorldCup,FIFAWorldCup,anivran
FIFAWorldCup,FIFAWorldCup,anivran
FIFAWorldCup,FIFAWorldCup,anivran
FIFAWorldCup,FIFAWorldCup,anivran
FIFAWorldCup,nytimes,anivran
FIFAWorldCup,HNS_CFF,anivran
FIFAWorldCup,FIFAWorldCup,anivran
FIFAWorldCup,FIFAWorldCup,anivran
FIFAWorldCup,Reuters,anivran
FIFAWorldCup,FIFAWorldCup,anivran
FIFAWorldCup,HNS_CFF,RadioDalmacija
FIFAWorldCup,HNS_CFF,RadioDalmacija
FIFAWorldCup,HNS_CFF,RadioDalmacija
FIFAWorldCup,HNS_CFF,Ivy__Croatia
FIFAWorldCup,HNS_CFF,Ivy__Croatia
FIFAWorldCup,HNS_CFF,Ivy__Croatia
FIFAWorldCup,HNS_CFF,Ivy__Croatia
FIFAWorldCup,HNS_CFF,Ivy__Croatia
FIFAWorldCup,HNS_CFF,Ivy__Croatia
FIFAWorldCup,TrollFootball,Ivy__Croatia
FIFAWorldCup,HNS_CFF,Ivy__Croatia
FIFAWorldCup,realmadrid,Ivy__Croatia
FIFAWorldCup,HNS_CFF,Ivy__Croatia
FIFAWorldCup,HNS_CFF,Ivy__Croatia
FIFAWorldCup,ChelseaFC,ninapranjic
FIFAWorldCup,realmadrid,ninapranjic
FIFAWorldCup,FIFAWorldCup,ninapranjic
FIFAWorldCup,TioJimbe,BerbiNinako
FIFAWorldCup,goalsreplayg,niramarin1
FIFAWorldCup,yu_mashima,croatia_tomaya
FIFAWorldCup,RegnumCroatorum,Carmensagittary
FIFAWorldCup,FIFAWorldCup,Carmensagittary
FIFAWorldCup,HNS_CFF,Carmensagittary
FIFAWorldCup,PeninsulaQatar,Carmensagittary
FIFAWorldCup,ChelseaFC,PatrikRakic
FIFAWorldCup,FCBarcelona,PatrikRakic
FIFAWorldCup,FIFAWorldCup,PatrikRakic
FIFAWorldCup,FIFAWorldCup,PatrikRakic
FIFAWorldCup,HNS_CFF,PatrikRakic
FIFAWorldCup,FIFAWorldCup,PatrikRakic
FIFAWorldCup,CroatiaFooty,PatrikRakic
FIFAWorldCup,TemperPrasad,forcebook
FIFAWorldCup,PopBase,franlovesTS
FIFAWorldCup,FIFAWorldCup,Hrky_18
FIFAWorldCup,HNS_CFF,Hrky_18
FIFAWorldCup,realmadrid,Hrky_18
FIFAWorldCup,HNS_CFF,Hrky_18
FIFAWorldCup,HNS_CFF,Hrky_18
FIFAWorldCup,realmadrid,Hrky_18
FIFAWorldCup,realmadriden,Hrky_18
FIFAWorldCup,FIFAWorldCup,Hrky_18
FIFAWorldCup,HNS_CFF,Hrky_18
FIFAWorldCup,FIFAWorldCup,Hrky_18
FIFAWorldCup,Football__Tweet,Hrky_18
FIFAWorldCup,realmadrid,Hrky_18
FIFAWorldCup,realmadrid,Hrky_18
FIFAWorldCup,FIFAWorldCup,Hrky_18
FIFAWorldCup,HNS_CFF,Hrky_18
FIFAWorldCup,HNS_CFF,Hrky_18
FIFAWorldCup,HNS_CFF,Hrky_18
FIFAWorldCup,realmadrid,Hrky_18
FIFAWorldCup,HNS_CFF,Hrky_18
FIFAWorldCup,HNS_CFF,Hrky_18
FIFAWorldCup,HNS_CFF,Hrky_18
FIFAWorldCup,FIFAWorldCup,Hrky_18
FIFAWorldCup,mmuzek,Hrky_18
FIFAWorldCup,HNS_CFF,Hrky_18
FIFAWorldCup,realmadrid,Hrky_18
FIFAWorldCup,FIFAWorldCup,Hrky_18
FIFAWorldCup,HNS_CFF,VoiceofCroatia
FIFAWorldCup,HNS_CFF,VoiceofCroatia
FIFAWorldCup,HNS_CFF,VoiceofCroatia
FIFAWorldCup,FIFAWorldCup,VoiceofCroatia
FIFAWorldCup,HNS_CFF,Kumbo78
FIFAWorldCup,HNS_CFF,Kumbo78
FIFAWorldCup,HNS_CFF,Kumbo78
FIFAWorldCup,HNS_CFF,Kumbo78
FIFAWorldCup,HNS_CFF,Kumbo78
FIFAWorldCup,FIFAWorldCup,_andrej45
FIFAWorldCup,HNS_CFF,_andrej45
FIFAWorldCup,HNS_CFF,_andrej45
FIFAWorldCup,HNS_CFF,_andrej45
FIFAWorldCup,HNS_CFF,TomBender__
FIFAWorldCup,HNS_CFF,TomBender__
FIFAWorldCup,FIFAWorldCup,TomBender__
FIFAWorldCup,HNS_CFF,TomBender__
FIFAWorldCup,HNS_CFF,TomBender__
FIFAWorldCup,HNS_CFF,TomBender__
FIFAWorldCup,FIFAWorldCup,TomBender__
FIFAWorldCup,HNS_CFF,TomBender__
FIFAWorldCup,HNS_CFF,TomBender__
FIFAWorldCup,rubendias,TomBender__
FIFAWorldCup,HNS_CFF,TomBender__
FIFAWorldCup,FIFAWorldCup,TomBender__
FIFAWorldCup,HNS_CFF,TomBender__
FIFAWorldCup,HNS_CFF,TomBender__
FIFAWorldCup,HNS_CFF,TomBender__
FIFAWorldCup,HNS_CFF,TomBender__
FIFAWorldCup,HNS_CFF,TomBender__
FIFAWorldCup,goalg0ys,TomBender__
FIFAWorldCup,TIME,viborc
FIFAWorldCup,HNS_CFF,zdenka_vuko1
FIFAWorldCup,CroatiaSck,zdenka_vuko1
FIFAWorldCup,HNS_CFF,zdenka_vuko1
FIFAWorldCup,tgloban,spas031
FIFAWorldCup,FIFAWorldCup,RedShadowTweet
FIFAWorldCup,HNS_CFF,D10SNJR1011
FIFAWorldCup,HNS_CFF,D10SNJR1011
FIFAWorldCup,HNS_CFF,D10SNJR1011
FIFAWorldCup,FIFAWorldCup,D10SNJR1011
FIFAWorldCup,HNS_CFF,D10SNJR1011
FIFAWorldCup,HNS_CFF,D10SNJR1011
FIFAWorldCup,HNS_CFF,D10SNJR1011
FIFAWorldCup,OptaJoe,danijelmaric
FIFAWorldCup,CroatiaFooty,R3gzy
FIFAWorldCup,HNS_CFF,gnkdinamo
FIFAWorldCup,HNS_CFF,gnkdinamo
FIFAWorldCup,HNS_CFF,gnkdinamo
FIFAWorldCup,HNS_CFF,gnkdinamo
FIFAWorldCup,Squawka,FilipBilic97
FIFAWorldCup,HNS_CFF,mintsRH
FIFAWorldCup,SofascoreINT,IvanKovacevic3
FIFAWorldCup,HNS_CFF,novilisthr
FIFAWorldCup,HNS_CFF,novilisthr
FIFAWorldCup,FIFAWorldCup,novilisthr
FIFAWorldCup,realmadriden,novilisthr
FIFAWorldCup,BenBocsak,novilisthr
FIFAWorldCup,FIFAWorldCup,novilisthr
FIFAWorldCup,HNS_CFF,butorscsv
FIFAWorldCup,HNS_CFF,butorscsv
FIFAWorldCup,Squawka,BamfordThings
FIFAWorldCup,HNS_CFF,BamfordThings
FIFAWorldCup,City_Xtra,MikicVedran
FIFAWorldCup,City_Xtra,MikicVedran
FIFAWorldCup,HNS_CFF,novahr
FIFAWorldCup,FIFAWorldCup,Kath__K
FIFAWorldCup,WORLDMUSICAWARD,love_bangtanKoo
FIFAWorldCup,indiacom,love_bangtanKoo
FIFAWorldCup,FIFAWorldCup,love_bangtanKoo
FIFAWorldCup,soompi,love_bangtanKoo
FIFAWorldCup,Jk_trend_songs,love_bangtanKoo
FIFAWorldCup,JungkookJapan_,love_bangtanKoo
FIFAWorldCup,Army_Connect,love_bangtanKoo
FIFAWorldCup,PeninsulaQatar,love_bangtanKoo
FIFAWorldCup,JKTEAM_KOR,love_bangtanKoo
FIFAWorldCup,Jk_trend_songs,love_bangtanKoo
FIFAWorldCup,Jungkook__INDIA,love_bangtanKoo
FIFAWorldCup,Jk_trend_songs,love_bangtanKoo
FIFAWorldCup,HNS_CFF,Inspektormaska
FIFAWorldCup,kikikremenjas23,Floroflores_13
FIFAWorldCup,101greatgoals,dreampai1
FIFAWorldCup,cheragh_aseman,dreampai1
FIFAWorldCup,IranReportsNow,dreampai1
FIFAWorldCup,JamesDodd89,dreampai1
FIFAWorldCup,FIFAWorldCup,Kreso3003
FIFAWorldCup,HNS_CFF,bmandic8
FIFAWorldCup,GracenoteLive,capanigo
FIFAWorldCup,GracenoteLive,capanigo
FIFAWorldCup,prachi_tae,glumhummingbird
FIFAWorldCup,KoosYoyo,glumhummingbird
FIFAWorldCup,HNS_CFF,Tonko35
FIFAWorldCup,HNS_CFF,Tonko35
FIFAWorldCup,HNS_CFF,Tonko35
FIFAWorldCup,HNS_CFF,Tonko35
FIFAWorldCup,HNS_CFF,Tonko35
FIFAWorldCup,HNS_CFF,Tonko35
FIFAWorldCup,HNS_CFF,Tonko35
FIFAWorldCup,HNS_CFF,Tonko35
FIFAWorldCup,HNS_CFF,Tonko35
FIFAWorldCup,HNS_CFF,Tonko35
FIFAWorldCup,HNS_CFF,Tonko35
FIFAWorldCup,Football__Tweet,HrvojeSliskovic
FIFAWorldCup,Football__Tweet,HrvojeSliskovic
FIFAWorldCup,SurpriseShirts,FicoFTW
FIFAWorldCup,shirtlootbox,FicoFTW
FIFAWorldCup,JARKITS_,FicoFTW
FIFAWorldCup,SorareConcours,FicoFTW
FIFAWorldCup,shirtlootbox,FicoFTW
FIFAWorldCup,QHuguenot,FicoFTW
FIFAWorldCup,SurpriseShirts,FicoFTW
FIFAWorldCup,SorareConcours,FicoFTW
FIFAWorldCup,SorareConcours,FicoFTW
FIFAWorldCup,windowintlpod,CroatiaFooty
FIFAWorldCup,windowintlpod,CroatiaFooty
FIFAWorldCup,FIFAWorldCup,CroatiaFooty
FIFAWorldCup,FIFAWorldCup,CroatiaFooty
FIFAWorldCup,FIFAWorldCup,CroatiaFooty
FIFAWorldCup,HNS_CFF,CroatiaFooty
FIFAWorldCup,HNS_CFF,CroatiaFooty
FIFAWorldCup,HNS_CFF,CroatiaFooty
FIFAWorldCup,HNS_CFF,CroatiaFooty
FIFAWorldCup,HNS_CFF,CroatiaFooty
FIFAWorldCup,swissfootdata,CroatiaFooty
FIFAWorldCup,HYFPRW,CroatiaFooty
FIFAWorldCup,IASucic,CroatiaFooty
FIFAWorldCup,HYFPRW,CroatiaFooty
FIFAWorldCup,tgloban,CroatiaFooty
FIFAWorldCup,HNS_CFF,CroatiaFooty
FIFAWorldCup,OptaAnalyst,CroatiaFooty
FIFAWorldCup,HNS_CFF,CroatiaFooty
FIFAWorldCup,FIFAWorldCup,CroatiaFooty
FIFAWorldCup,nextgenpod,CroatiaFooty
FIFAWorldCup,FIFAWorldCup,mrzli86
FIFAWorldCup,coingecko,vatreni_token
FIFAWorldCup,HNS_CFF,vatreni_token
FIFAWorldCup,FIFAWorldCup,vatreni_token
FIFAWorldCup,FIFAWorldCup,vatreni_token
FIFAWorldCup,FIFAWorldCup,vatreni_token
FIFAWorldCup,FIFAWorldCup,vatreni_token
FIFAWorldCup,PopBase,xkarla20x
FIFAWorldCup,Duelbits,Boi_gotta_flex
FIFAWorldCup,Stake,Boi_gotta_flex
FIFAWorldCup,Stake,Boi_gotta_flex
FIFAWorldCup,Stake,Boi_gotta_flex
FIFAWorldCup,VxzD500,Boi_gotta_flex
FIFAWorldCup,Stake,Boi_gotta_flex
FIFAWorldCup,ExJohnHonestyy,PETR_CECH9248
FIFAWorldCup,FIFAWorldCup,Yessenia_Zo
FIFAWorldCup,IranIntl_En,BorisHavel
FIFAWorldCup,FIFAWorldCup,OhRuud
FIFAWorldCup,theMadridZone,OhRuud
FIFAWorldCup,bts_bighit,MikicStella
FIFAWorldCup,HNS_CFF,R_Venum
FIFAWorldCup,HNS_CFF,R_Venum
FIFAWorldCup,HNS_CFF,R_Venum
FIFAWorldCup,Gusbakhoda,ivana_brekalo
FIFAWorldCup,SorareConcours,Filip1150875308
FIFAWorldCup,FIFAWorldCup,ifsaracouldfly
FIFAWorldCup,footballdaily,ifsaracouldfly
FIFAWorldCup,FIFAWorldCup,ifsaracouldfly
FIFAWorldCup,FIFAWorldCup,ifsaracouldfly
FIFAWorldCup,HNS_CFF,ifsaracouldfly
FIFAWorldCup,Football__Tweet,IvonaCroatia16
FIFAWorldCup,Mohxmmad,IvonaCroatia16
FIFAWorldCup,HNS_CFF,IvonaCroatia16
FIFAWorldCup,HNS_CFF,IvonaCroatia16
FIFAWorldCup,HNS_CFF,IvonaCroatia16
FIFAWorldCup,HNS_CFF,IvonaCroatia16
FIFAWorldCup,HNS_CFF,IvonaCroatia16
FIFAWorldCup,HNS_CFF,IvonaCroatia16
FIFAWorldCup,HNS_CFF,IvonaCroatia16
FIFAWorldCup,HNS_CFF,IvonaCroatia16
FIFAWorldCup,HNS_CFF,IvonaCroatia16
FIFAWorldCup,HNS_CFF,IvonaCroatia16
FIFAWorldCup,HNS_CFF,IvonaCroatia16
FIFAWorldCup,HNS_CFF,IvonaCroatia16
FIFAWorldCup,realmadriden,HNS_CFF
FIFAWorldCup,FIFAWorldCup,HNS_CFF
FIFAWorldCup,FIFAWorldCup,HNS_CFF
FIFAWorldCup,CelticFC,HNS_CFF
FIFAWorldCup,Atalanta_BC,HNS_CFF
FIFAWorldCup,realmadriden,HNS_CFF
FIFAWorldCup,RangersFC,HNS_CFF
FIFAWorldCup,bts_bighit,gookiebts
FIFAWorldCup,bts_bighit,gookiebts
FIFAWorldCup,bts_bighit,gookiebts
FIFAWorldCup,chartdata,gookiebts
FIFAWorldCup,FIFAWorldCup,gookiebts
FIFAWorldCup,FIFAWorldCup,gookiebts
FIFAWorldCup,chartdata,gookiebts
FIFAWorldCup,unitedmasters,gookiebts
FIFAWorldCup,theKFA,gookiebts
FIFAWorldCup,94ilsann,gookiebts
FIFAWorldCup,BTSChartsDailyx,gookiebts
FIFAWorldCup,BTSChartsDailyx,gookiebts
FIFAWorldCup,bts_bighit,gookiebts
FIFAWorldCup,PopBase,gookiebts
FIFAWorldCup,Marsalqatar,gookiebts
FIFAWorldCup,chartdata,gookiebts
FIFAWorldCup,bts_bighit,gookiebts
FIFAWorldCup,FIFAWorldCup,gookiebts
FIFAWorldCup,FIFAWorldCup,gookiebts
FIFAWorldCup,PopBase,gookiebts
FIFAWorldCup,PopBase,gookiebts
FIFAWorldCup,HNS_CFF,gookiebts
FIFAWorldCup,AntonStruve,VirginieNinaK
FIFAWorldCup,PopBase,rlynotinlove
FIFAWorldCup,Squawka,Sinisa_C_
FIFAWorldCup,SaraBrnic_,matejdugi
FIFAWorldCup,TennisHandshake,matejdugi
FIFAWorldCup,_andrej45,227gaming
FIFAWorldCup,HNS_CFF,227gaming
FIFAWorldCup,OptaAnalyst,227gaming
FIFAWorldCup,kikikremenjas23,227gaming
FIFAWorldCup,PM_ViktorOrban,Anaplavablu
FIFAWorldCup,HNS_CFF,Anaplavablu
FIFAWorldCup,FIFAWorldCup,Anaplavablu
FIFAWorldCup,FIFAWorldCup,Anaplavablu
FIFAWorldCup,HNS_CFF,SuperSportHNL
FIFAWorldCup,HNS_CFF,Cro25_ZG
FIFAWorldCup,HNS_CFF,Cro25_ZG
FIFAWorldCup,HNS_CFF,Cro25_ZG
FIFAWorldCup,FIFAWorldCup,Cro25_ZG
FIFAWorldCup,realmadriden,lojzini
FIFAWorldCup,ChelseaFC,lojzini
FIFAWorldCup,FIFAWorldCup,lojzini
FIFAWorldCup,CroatiaFooty,lojzini
FIFAWorldCup,HNS_CFF,lojzini
FIFAWorldCup,HNS_CFF,lojzini
FIFAWorldCup,ChelseaFC,lojzini
FIFAWorldCup,HNS_CFF,lojzini
FIFAWorldCup,CroatiaFooty,lojzini
FIFAWorldCup,HNS_CFF,lojzini
FIFAWorldCup,HNS_CFF,lojzini
FIFAWorldCup,HNS_CFF,lojzini
FIFAWorldCup,HNS_CFF,lojzini
FIFAWorldCup,HNS_CFF,lojzini
FIFAWorldCup,HNS_CFF,lojzini
FIFAWorldCup,ChelseaFC,lojzini
FIFAWorldCup,OptaFranz,lojzini
FIFAWorldCup,realmadriden,lojzini
FIFAWorldCup,HNS_CFF,lojzini
FIFAWorldCup,realmadriden,lojzini
FIFAWorldCup,SofascoreINT,lojzini
FIFAWorldCup,HNS_CFF,lojzini
FIFAWorldCup,CroatiaFooty,lojzini
FIFAWorldCup,FIFAWorldCup,lojzini
FIFAWorldCup,SofascoreINT,lojzini
FIFAWorldCup,BenBocsak,lojzini
FIFAWorldCup,HNS_CFF,lojzini
FIFAWorldCup,SofascoreINT,lojzini
FIFAWorldCup,CroatiaFooty,lojzini
FIFAWorldCup,CroatiaFooty,lojzini
FIFAWorldCup,NizaarKinsella,lojzini
FIFAWorldCup,NizaarKinsella,lojzini
FIFAWorldCup,CroatiaFooty,lojzini
FIFAWorldCup,realmadriden,lojzini
FIFAWorldCup,HNS_CFF,lojzini
FIFAWorldCup,HNS_CFF,lojzini
FIFAWorldCup,HNS_CFF,lojzini
FIFAWorldCup,HNS_CFF,lojzini
FIFAWorldCup,HNS_CFF,lojzini
FIFAWorldCup,HNS_CFF,lojzini
FIFAWorldCup,FIFAWorldCup,_Sanja_L
FIFAWorldCup,FIFAWorldCup,_Sanja_L
FIFAWorldCup,FIFAWorldCup,_Sanja_L
FIFAWorldCup,JohnCleese,dpasaric
FIFAWorldCup,HNS_CFF,skuziforu
FIFAWorldCup,HNS_CFF,ViolinistaGila
FIFAWorldCup,HNS_CFF,ante365
FIFAWorldCup,realmadriden,ante365
FIFAWorldCup,Atalanta_BC,ante365
FIFAWorldCup,CelticFC,ante365
FIFAWorldCup,realmadridfra,ante365
FIFAWorldCup,FIFAWorldCup,ante365
FIFAWorldCup,FIFAWorldCup,ante365
FIFAWorldCup,_andrej45,tomyvuk99
FIFAWorldCup,realMarioHren,realMarioHren
FIFAWorldCup,HNS_CFF,NKIstra1961
FIFAWorldCup,PopBase,Izzy982
FIFAWorldCup,brunassmoraes,sirenicewow
FIFAWorldCup,DepreHulk,sirenicewow
FIFAWorldCup,HNS_CFF,Laila_Horvat
FIFAWorldCup,FIFAWorldCup,Laila_Horvat
FIFAWorldCup,timandfriends,Laila_Horvat
FIFAWorldCup,HNS_CFF,mihael_fitz
FIFAWorldCup,HNS_CFF,neven_hr
FIFAWorldCup,HNS_CFF,tonkaaaaaaaaa
FIFAWorldCup,FIFAWorldCup,vooneni
FIFAWorldCup,HNS_CFF,TomislavMehkek
FIFAWorldCup,HNS_CFF,TomislavMehkek
FIFAWorldCup,HNS_CFF,TomislavMehkek
FIFAWorldCup,HNS_CFF,TomislavMehkek
FIFAWorldCup,CroatiaFooty,TomislavMehkek
FIFAWorldCup,HNS_CFF,TomislavMehkek
FIFAWorldCup,HNS_CFF,TomislavMehkek
FIFAWorldCup,HNS_CFF,TomislavMehkek
FIFAWorldCup,FIFAWorldCup,TomislavMehkek
FIFAWorldCup,HNS_CFF,TomislavMehkek
FIFAWorldCup,FIFAWorldCup,TomislavMehkek
FIFAWorldCup,FIFAWorldCup,LikeZadar
FIFAWorldCup,HNS_CFF,LikeZadar
FIFAWorldCup,HNS_CFF,LikeZadar
FIFAWorldCup,HNS_CFF,LikeZadar
FIFAWorldCup,rodgira,claudiaivic1
FIFAWorldCup,HNS_CFF,miabacic
FIFAWorldCup,HNS_CFF,miabacic
FIFAWorldCup,FIFAWorldCup,miabacic
FIFAWorldCup,HNS_CFF,miabacic
FIFAWorldCup,HNS_CFF,gabigabicaa
FIFAWorldCup,PopBase,gabigabicaa
FIFAWorldCup,bts_bighit,a_estrela989
FIFAWorldCup,FIFAWorldCup,a_estrela989
FIFAWorldCup,bts_bighit,a_estrela989
FIFAWorldCup,bts_bighit,a_estrela989
FIFAWorldCup,GettySport,a_estrela989
FIFAWorldCup,bts_bighit,a_estrela989
FIFAWorldCup,FIFAWorldCup,a_estrela989
FIFAWorldCup,FIFAWorldCup,a_estrela989
FIFAWorldCup,FIFAWorldCup,LucijaRadikovic
FIFAWorldCup,HNS_CFF,LucijaRadikovic
FIFAWorldCup,FIFAWorldCup,LucijaRadikovic
FIFAWorldCup,HNS_CFF,LucijaRadikovic
FIFAWorldCup,HNS_CFF,LucijaRadikovic
FIFAWorldCup,HNS_CFF,LucijaRadikovic
FIFAWorldCup,HNS_CFF,LucijaRadikovic
FIFAWorldCup,HNS_CFF,LucijaRadikovic
FIFAWorldCup,HNS_CFF,LucijaRadikovic
FIFAWorldCup,HNS_CFF,LucijaRadikovic
FIFAWorldCup,HNS_CFF,LucijaRadikovic
FIFAWorldCup,GettySport,LucijaRadikovic
FIFAWorldCup,HNS_CFF,LucijaRadikovic
FIFAWorldCup,HNS_CFF,LucijaRadikovic
FIFAWorldCup,GettySport,LucijaRadikovic
FIFAWorldCup,FIFAWorldCup,LucijaRadikovic
FIFAWorldCup,HNS_CFF,LucijaRadikovic
FIFAWorldCup,FIFAWorldCup,LucijaRadikovic
FIFAWorldCup,HNS_CFF,LucijaRadikovic
FIFAWorldCup,HNS_CFF,LucijaRadikovic
FIFAWorldCup,HNS_CFF,LucijaRadikovic
FIFAWorldCup,HNS_CFF,znaor98
FIFAWorldCup,PopBase,znaor98
FIFAWorldCup,PopCrave,znaor98
FIFAWorldCup,PopBase,znaor98
FIFAWorldCup,HNS_CFF,znaor98
FIFAWorldCup,FIFAWorldCup,KoBranka
FIFAWorldCup,FIFAWorldCup,BegonjaIvan
FIFAWorldCup,selecaoportugal,BegonjaIvan
FIFAWorldCup,HNS_CFF,davelassen
FIFAWorldCup,FIFAWorldCup,kviceban
FIFAWorldCup,JohnCleese,kviceban
FIFAWorldCup,FIFAWorldCup,gwangiljo
FIFAWorldCup,bts_bighit,gwangiljo
FIFAWorldCup,bts_bighit,gwangiljo
FIFAWorldCup,btssomma,gwangiljo
FIFAWorldCup,allkpop,gwangiljo
FIFAWorldCup,BTSwallpaper16_,gwangiljo
FIFAWorldCup,chartdata,gwangiljo
FIFAWorldCup,Genius_kor,gwangiljo
FIFAWorldCup,unitedmasters,gwangiljo
FIFAWorldCup,bts_bighit,gwangiljo
FIFAWorldCup,Marsalqatar,gwangiljo
FIFAWorldCup,FIFAWorldCup,gwangiljo
FIFAWorldCup,HNS_CFF,gwangiljo
FIFAWorldCup,BrunoAhoyo,KevKalombo
FIFAWorldCup,BrunoAhoyo,KevKalombo
FIFAWorldCup,Squawka,stari_as
FIFAWorldCup,HNS_CFF,goldkookjin
FIFAWorldCup,HNS_CFF,JosipaZecevic
FIFAWorldCup,HNS_CFF,MimicaSuzana
FIFAWorldCup,HRTsport,mstilinovic
FIFAWorldCup,bts_bighit,jksstrandofhair
FIFAWorldCup,bts_bighit,jksstrandofhair
FIFAWorldCup,bts_bighit,jksstrandofhair
FIFAWorldCup,FIFAWorldCup,jksstrandofhair
FIFAWorldCup,FIFAWorldCup,jksstrandofhair
FIFAWorldCup,unitedmasters,jksstrandofhair
FIFAWorldCup,bts_bighit,jksstrandofhair
FIFAWorldCup,btschartdata,jksstrandofhair
FIFAWorldCup,BTSChartsDailyx,jksstrandofhair
FIFAWorldCup,PopBase,jksstrandofhair
FIFAWorldCup,BTSChartsDailyx,jksstrandofhair
FIFAWorldCup,Marsalqatar,jksstrandofhair
FIFAWorldCup,theKFA,jksstrandofhair
FIFAWorldCup,PopBase,jksstrandofhair
FIFAWorldCup,ShamoonHafez,jksstrandofhair
FIFAWorldCup,GQSports,jksstrandofhair
FIFAWorldCup,GQSports,jksstrandofhair
FIFAWorldCup,GoalJP_Official,jksstrandofhair
FIFAWorldCup,RollingStone,jksstrandofhair
FIFAWorldCup,bts_bighit,jksstrandofhair
FIFAWorldCup,FIFAWorldCup,jksstrandofhair
FIFAWorldCup,FIFAWorldCup,jksstrandofhair
FIFAWorldCup,SheDevilsUnited,dora_mufc
FIFAWorldCup,HNS_CFF,margogasljevic
FIFAWorldCup,SofascoreINT,FilipOzbolt7
FIFAWorldCup,SofascoreINT,FilipOzbolt7
FIFAWorldCup,SofascoreINT,FilipOzbolt7
FIFAWorldCup,MarsalQatar_EN,Lela2609VuCro
FIFAWorldCup,HNS_CFF,Lela2609VuCro
FIFAWorldCup,HNS_CFF,Lela2609VuCro
FIFAWorldCup,HNS_CFF,Lela2609VuCro
FIFAWorldCup,HNS_CFF,Lela2609VuCro
FIFAWorldCup,HNS_CFF,Lela2609VuCro
FIFAWorldCup,HNS_CFF,Lela2609VuCro
FIFAWorldCup,HNS_CFF,Lela2609VuCro
FIFAWorldCup,HNS_CFF,Lela2609VuCro
FIFAWorldCup,HNS_CFF,Lela2609VuCro
FIFAWorldCup,HNS_CFF,Lela2609VuCro
FIFAWorldCup,AncientHistria,Lela2609VuCro
FIFAWorldCup,HNS_CFF,Lela2609VuCro
FIFAWorldCup,capanigo,marko_spoljar
FIFAWorldCup,FIFAWorldCup,DrazenRaspudic
FIFAWorldCup,HNS_CFF,maateja_
FIFAWorldCup,HNS_CFF,CroatianLife
FIFAWorldCup,eurosport,DavorLeric
FIFAWorldCup,eurosport,DavorLeric
FIFAWorldCup,HNS_CFF,dkocis
FIFAWorldCup,HNS_CFF,dkocis
FIFAWorldCup,HNS_CFF,dkocis
FIFAWorldCup,FIFAWorldCup,bornastrbac
FIFAWorldCup,FIFAWorldCup,bornastrbac
FIFAWorldCup,HNS_CFF,bornastrbac
FIFAWorldCup,OptaJoe,BarbaR_ZD
FIFAWorldCup,FIFAWorldCup,Gianncco
FIFAWorldCup,Football__Tweet,vu_goran
FIFAWorldCup,FIFAWorldCup,some1fromCro
FIFAWorldCup,SofascoreINT,dino_vucic
FIFAWorldCup,Sudamericana,MusicNadramia
FIFAWorldCup,ESPNStatsInfo,JoePantoliano
FIFAWorldCup,HNS_CFF,maraTonka
FIFAWorldCup,FIFAWorldCup,skyflyer07
FIFAWorldCup,FIFAWorldCup,skyflyer07
FIFAWorldCup,FIFAWorldCup,skyflyer07
FIFAWorldCup,FIFAWorldCup,Kristijan_misis
FIFAWorldCup,FiercePC,Gh0st23
FIFAWorldCup,MiloradDodik,DenisSulic
FIFAWorldCup,BTSChartsDailyx,_poody1608
FIFAWorldCup,realmadrid,Mladen1961
FIFAWorldCup,FIFAWorldCup,babysatan97
FIFAWorldCup,FIFAWorldCup,MateOrsulic
FIFAWorldCup,FIFAWorldCup,MateOrsulic
FIFAWorldCup,FIFAWorldCup,MateOrsulic
FIFAWorldCup,FIFAWorldCup,MateOrsulic
FIFAWorldCup,FIFAWorldCup,MateOrsulic
FIFAWorldCup,CroatiaFooty,MateOrsulic
FIFAWorldCup,FIFAWorldCup,MateOrsulic
FIFAWorldCup,FIFAWorldCup,MateOrsulic
FIFAWorldCup,FIFAWorldCup,MateOrsulic
FIFAWorldCup,SofascoreINT,MateOrsulic
FIFAWorldCup,FIFAWorldCup,MateOrsulic
FIFAWorldCup,SofascoreINT,MateOrsulic
FIFAWorldCup,HNS_CFF,MateOrsulic
FIFAWorldCup,HNS_CFF,MateOrsulic
FIFAWorldCup,FIFAWorldCup,MateOrsulic
FIFAWorldCup,FIFAWorldCup,MateOrsulic
FIFAWorldCup,SofascoreINT,MateOrsulic
FIFAWorldCup,FIFAWorldCup,MateOrsulic
FIFAWorldCup,FIFAWorldCup,MateOrsulic
FIFAWorldCup,Nckymbt,hellena_CRO
FIFAWorldCup,FIFAWorldCup,hellena_CRO
FIFAWorldCup,HNS_CFF,hellena_CRO
FIFAWorldCup,FIFAWorldCup,GabrielaMalic
FIFAWorldCup,FIFAWorldCup,GabrielaMalic
FIFAWorldCup,Africansoccerup,GabrielaMalic
FIFAWorldCup,OptaJoe,FilipJosip
FIFAWorldCup,HNS_CFF,Croatia_hr
FIFAWorldCup,HNS_CFF,Croatia_hr
FIFAWorldCup,HNS_CFF,Croatia_hr
FIFAWorldCup,HNS_CFF,Croatia_hr
FIFAWorldCup,HNS_CFF,Croatia_hr
FIFAWorldCup,HNS_CFF,Croatia_hr
FIFAWorldCup,FIFAWorldCup,josipgojak
FIFAWorldCup,HNS_CFF,kjurgec
FIFAWorldCup,bts_bighit,btstheonlylove
FIFAWorldCup,FIFAWorldCup,izrinusic
FIFAWorldCup,SofascoreINT,izrinusic
FIFAWorldCup,FIFAWorldCup,mirela_75
FIFAWorldCup,FIFAWorldCup,teatroditea
FIFAWorldCup,eurovanya,teatroditea
FIFAWorldCup,sportbible,teatroditea
FIFAWorldCup,HNS_CFF,IvanHakstok
FIFAWorldCup,HNS_CFF,IvanHakstok
FIFAWorldCup,OptaAnalyst,FplCafe
FIFAWorldCup,FIFAWorldCup,StipeCorluka
FIFAWorldCup,FIFAWorldCup,SandroVrbanus
FIFAWorldCup,Football__Tweet,MarinkoR7
FIFAWorldCup,HNS_CFF,CROinIstanbul
FIFAWorldCup,FIFAWorldCup,Ella_2002_
FIFAWorldCup,HNS_CFF,Ella_2002_
FIFAWorldCup,HNS_CFF,Ella_2002_
FIFAWorldCup,FIFAWorldCup,grandexedwards
FIFAWorldCup,HNS_CFF,grandexedwards
FIFAWorldCup,FIFAWorldCup,grandexedwards
FIFAWorldCup,FIFAWorldCup,grandexedwards
FIFAWorldCup,PopBase,grandexedwards
FIFAWorldCup,tomislav_bade,marinchi77
FIFAWorldCup,FIFPRO,ciglobacac
FIFAWorldCup,BenjaHajji,ciglobacac
FIFAWorldCup,Football__Tweet,ciglobacac
FIFAWorldCup,ESPNStatsInfo,ciglobacac
FIFAWorldCup,OptaJoao,ciglobacac
FIFAWorldCup,SofascoreINT,ciglobacac
FIFAWorldCup,SofascoreINT,ciglobacac
FIFAWorldCup,OptaPaolo,ciglobacac
FIFAWorldCup,OptaFranz,ciglobacac
FIFAWorldCup,OptaAnalyst,ciglobacac
FIFAWorldCup,GracenoteLive,ciglobacac
FIFAWorldCup,BenBocsak,ciglobacac
FIFAWorldCup,SofascoreINT,ciglobacac
FIFAWorldCup,Football__Tweet,ciglobacac
FIFAWorldCup,BetVictor,ciglobacac
FIFAWorldCup,CAF_Online,ciglobacac
FIFAWorldCup,BBCMOTD,ciglobacac
FIFAWorldCup,Squawka,ciglobacac
FIFAWorldCup,GracenoteLive,ciglobacac
FIFAWorldCup,OptaPaolo,ciglobacac
FIFAWorldCup,OptaJose,ciglobacac
FIFAWorldCup,OptaJason,ciglobacac
FIFAWorldCup,NasimiShabnam,Broj__1
FIFAWorldCup,Bob_cart124,rozmaric
FIFAWorldCup,FIFAWorldCup,mark_123i
FIFAWorldCup,FIFAWorldCup,Jole911
FIFAWorldCup,HNS_CFF,Jole911
FIFAWorldCup,HNS_CFF,Jole911
FIFAWorldCup,HNS_CFF,Jole911
FIFAWorldCup,HNS_CFF,Jole911
FIFAWorldCup,HNS_CFF,Jole911
FIFAWorldCup,HNS_CFF,Jole911
FIFAWorldCup,FIFAcom,Pincetic19
FIFAWorldCup,HNS_CFF,perebroketa
FIFAWorldCup,bts_bighit,BTSHrvatska
FIFAWorldCup,bts_bighit,BTSHrvatska
FIFAWorldCup,bts_bighit,BTSHrvatska
FIFAWorldCup,WORLDMUSICAWARD,BTSHrvatska
FIFAWorldCup,chartdata,BTSHrvatska
FIFAWorldCup,bts_bighit,BTSHrvatska
FIFAWorldCup,GettySport,BTSHrvatska
FIFAWorldCup,btschartdata,BTSHrvatska
FIFAWorldCup,FIFAWorldCup,BTSHrvatska
FIFAWorldCup,bts_bighit,BTSHrvatska
FIFAWorldCup,FFScout,jerionodadoprso
FIFAWorldCup,SSFootball,BlagicBoris
FIFAWorldCup,WFTV22,Breksi
FIFAWorldCup,FIFAWorldCup,IRANinCROATIA
FIFAWorldCup,SurpriseShirts,DarkoTarandek
FIFAWorldCup,HNS_CFF,AnchyH
FIFAWorldCup,HNS_CFF,AnchyH
FIFAWorldCup,HNS_CFF,AnchyH
FIFAWorldCup,HNS_CFF,AnchyH
FIFAWorldCup,jfa_samuraiblue,average_levi
FIFAWorldCup,HNS_CFF,average_levi
FIFAWorldCup,jetsetterstravl,MarkoKvitek
FIFAWorldCup,bts_bighit,taeivana
FIFAWorldCup,MOHASHEY007,aldourem
FIFAWorldCup,FIFAWorldCup,DanijelHunic
FIFAWorldCup,bts_bighit,slatkichu
FIFAWorldCup,bts_bighit,slatkichu
FIFAWorldCup,BTSChartsDailyx,slatkichu
FIFAWorldCup,bts_bighit,slatkichu
FIFAWorldCup,lnstantFoot,slcmaja
FIFAWorldCup,FIFAWorldCup,Organic_Shadow
FIFAWorldCup,cryptocom,Frenkeeh
FIFAWorldCup,FIFAWorldCup,VKuduz
FIFAWorldCup,HNS_CFF,CroatiaSck
FIFAWorldCup,HNS_CFF,CroatiaSck
FIFAWorldCup,FIFAWorldCup,CroatiaSck
FIFAWorldCup,FIFAWorldCup,crotsunami
FIFAWorldCup,FIFAWorldCup,crotsunami
FIFAWorldCup,livescore,AnahiPWorld
FIFAWorldCup,TSN_Sports,AnahiPWorld
FIFAWorldCup,FIFAWorldCup,AnahiPWorld
FIFAWorldCup,FIFAWorldCup,AnahiPWorld
FIFAWorldCup,FIFAWorldCup,AnahiPWorld
FIFAWorldCup,FIFAWorldCup,AnahiPWorld
FIFAWorldCup,FIFAWorldCup,AnahiPWorld
FIFAWorldCup,HNS_CFF,gavezinho5
FIFAWorldCup,CroatiaFooty,gavezinho5
FIFAWorldCup,FIFAWorldCup,el_dominquez
FIFAWorldCup,FIFAWorldCup,el_dominquez
FIFAWorldCup,HNS_CFF,el_dominquez
FIFAWorldCup,FIFAWorldCup,el_dominquez
FIFAWorldCup,HNS_CFF,nanaglavinich
FIFAWorldCup,HNS_CFF,sadece_amanim
FIFAWorldCup,FIFAWorldCup,sadece_amanim
FIFAWorldCup,CroatiaFooty,sadece_amanim
FIFAWorldCup,HNS_CFF,Ines_L
FIFAWorldCup,HNS_CFF,Ines_L
FIFAWorldCup,HNS_CFF,lucijana
FIFAWorldCup,HNS_CFF,Frac_official
FIFAWorldCup,charts_k,_nia_7
FIFAWorldCup,bts_bighit,NinaCoBKc
FIFAWorldCup,fut_trader_D,LtMoNkK
FIFAWorldCup,HNS_CFF,ivana_crnic
FIFAWorldCup,roadto2022en,DamirLivnjak
FIFAWorldCup,FIFAWorldCup,DamirLivnjak
FIFAWorldCup,FIFAWorldCup,DamirLivnjak
FIFAWorldCup,FIFAWorldCup,croatia_real
FIFAWorldCup,FIFAWorldCup,croatia_real
FIFAWorldCup,CroatiaFooty,croatia_real
FIFAWorldCup,HNS_CFF,croatia_real
FIFAWorldCup,CroatiaFooty,croatia_real
FIFAWorldCup,CroatiaFooty,croatia_real
FIFAWorldCup,CroatiaFooty,croatia_real
FIFAWorldCup,TheAthletic,sebastianknapic
FIFAWorldCup,Football__Tweet,jonredmen
FIFAWorldCup,SofascoreINT,paula_zbo
FIFAWorldCup,FIFAWorldCup,paula_zbo
FIFAWorldCup,BenBocsak,nikola_krolo
FIFAWorldCup,HNS_CFF,malimis_
FIFAWorldCup,HNS_CFF,malimis_
FIFAWorldCup,HNS_CFF,iMajaOfficial
FIFAWorldCup,FIFAWorldCup,majacro451
FIFAWorldCup,HNS_CFF,Domomatijevic
FIFAWorldCup,realmadrid,Draganosi9
FIFAWorldCup,HNS_CFF,skrlecnat
FIFAWorldCup,HNS_CFF,skrlecnat
FIFAWorldCup,HNS_CFF,skrlecnat
FIFAWorldCup,HNS_CFF,skrlecnat
FIFAWorldCup,Reuters,NinoslavSafaric
FIFAWorldCup,HNS_CFF,NinoslavSafaric
FIFAWorldCup,HNS_CFF,NinoslavSafaric
FIFAWorldCup,HNS_CFF,NinoslavSafaric
FIFAWorldCup,TheInsiderPaper,NinoslavSafaric
FIFAWorldCup,HNS_CFF,Woman84Wonder
FIFAWorldCup,HNS_CFF,ovunque___sarai
FIFAWorldCup,CroatiaFooty,ovunque___sarai
FIFAWorldCup,HNS_CFF,MyNameIsFreak
FIFAWorldCup,Akib36741421,yugoslav_luka
FIFAWorldCup,HNS_CFF,matija_fontana
FIFAWorldCup,HRTsport,HRTRadioSplit
FIFAWorldCup,FiercePC,Brunol0l
FIFAWorldCup,HNS_CFF,andjelo1207
FIFAWorldCup,SofascoreINT,Stvora77
FIFAWorldCup,FIFAWorldCup,LeoxyFN
FIFAWorldCup,FIFAWorldCup,Klubzen1
FIFAWorldCup,FIFAWorldCup,IvanKolak1
FIFAWorldCup,HNS_CFF,GACKTXYOSHIKI
FIFAWorldCup,HNS_CFF,fattynochujk
FIFAWorldCup,PopBase,fattynochujk
FIFAWorldCup,FIFAWorldCup,fattynochujk
FIFAWorldCup,HNS_CFF,fattynochujk
FIFAWorldCup,CroatiaFooty,fattynochujk
FIFAWorldCup,FIFAWorldCup,fattynochujk
FIFAWorldCup,FIFAWorldCup,fattynochujk
FIFAWorldCup,FIFAWorldCup,fattynochujk
FIFAWorldCup,charts_k,eruanna7
FIFAWorldCup,bts_bighit,eruanna7
FIFAWorldCup,HNS_CFF,dariogul
FIFAWorldCup,golhr,DomagojGrbavac
FIFAWorldCup,fifaversebsc,Igor6xrp
FIFAWorldCup,fifaversebsc,Igor6xrp
FIFAWorldCup,FIFAWorldCup,iva_lukac
FIFAWorldCup,casa_de_banta,RealMarkaN
FIFAWorldCup,FIFAWorldCup,zoran63951349
FIFAWorldCup,SSDFT_EN,mjozak
FIFAWorldCup,posaohr,grsha
FIFAWorldCup,HNS_CFF,iviboza
FIFAWorldCup,HNS_CFF,iviboza
FIFAWorldCup,HNS_CFF,iviboza
FIFAWorldCup,FIFAWorldCup,iviboza
FIFAWorldCup,HNS_CFF,iviboza
FIFAWorldCup,HNS_CFF,iviboza
FIFAWorldCup,HNS_CFF,iviboza
FIFAWorldCup,FIFAWorldCup,iviboza
FIFAWorldCup,HNS_CFF,iviboza
FIFAWorldCup,goal,gojf22
FIFAWorldCup,HNS_CFF,zadarski_list
FIFAWorldCup,BenBocsak,zadarski_list
FIFAWorldCup,PopBase,i_luka_g
FIFAWorldCup,FIFAWorldCup,tourguidesplit
FIFAWorldCup,FIFAWorldCup,efmircanim
