source,target
Herochange133,FIFAWorldCup
VacantFT,FIFAWorldCup
VacantFT,WorldCup2022
Crobot01,WorldCup2022
Crobot01,Vatreni
Crobot01,Croatia
TheGamersNet2,Croatia
Torquat28352878,crypto
Torquat28352878,CROCAN
Torquat28352878,CROCAN
Torquat28352878,Croatia
Torquat28352878,CROCAN
Torquat28352878,FIFAWorldCup
Torquat28352878,Qatar2022
Torquat28352878,Family
Torquat28352878,Vatreni
Torquat28352878,CROCAN
Torquat28352878,CROCAN
YaBoiBru,croatia
YaBoiBru,WorldCup2022
YaBoiBru,FIFAWorldCup
YaBoiBru,FIFAWorldCup
YaBoiBru,FIFAWorldCup
YaBoiBru,FIFAWorldCup
YaBoiBru,FIFAWorldCup
YaBoiBru,FIFAWorldCup
YaBoiBru,FIFAWorldCup
YaBoiBru,FIFAWorldCup
YaBoiBru,FIFAWorldCup
YaBoiBru,FIFAWorldCup
YaBoiBru,FIFAWorldCup
YaBoiBru,FIFAWorldCup
Drawing23147245,art
Drawing23147245,art
Drawing23147245,art
Drawing23147245,art
Drawing23147245,art
Drawing23147245,art
Drawing23147245,art
Drawing23147245,art
Drawing23147245,art
Drawing23147245,WorldCup2022
Drawing23147245,photography
Drawing23147245,art
Drawing23147245,art
Drawing23147245,art
Drawing23147245,art
Drawing23147245,FIFAWorldCup
Drawing23147245,art
Drawing23147245,FIFAWorldCup
Drawing23147245,art
Drawing23147245,art
Drawing23147245,art
Drawing23147245,art
Drawing23147245,Croatia
Drawing23147245,FIFAWorldCup
Drawing23147245,art
Drawing23147245,NFT
thfc_josip,Croatia
thfc_josip,WorldCup
thfc_josip,Family
thfc_josip,Vatreni
thfc_josip,WorldCup2022
thfc_josip,WorldCup2022
thfc_josip,F1
thfc_josip,Vatreni
thfc_josip,Croatia
thfc_josip,FIFAWorldCup
thfc_josip,Family
thfc_josip,Vatreni
thfc_josip,Qatar2022
thfc_josip,Croatia
thfc_josip,CROCAN
thfc_josip,FIFAWorldCup
thfc_josip,Qatar2022
thfc_josip,Family
thfc_josip,Vatreni
LordKalmus,WorldCup2022
LordKalmus,FIFAWorldCup
LordKalmus,FIFAWorldCup
LordKalmus,CROCAN
LordKalmus,CROCAN
LordKalmus,WorldCup2022
damirvucic99,Vukovar
_gordynow,WorldCup
_gordynow,FIFAWorldCup
_gordynow,Croatia
FilipSutic,F1
chevenzon,FIFAWorldCup
chevenzon,FIFAWorldCup
chevenzon,FIFAWorldCup
chevenzon,Qatar2022
chevenzon,FIFAWorldCup
chevenzon,FIFAWorldCup
anjak1101,FIFAWorldCup
skoobiman,WorldCup2022
skoobiman,hrvatska
skoobiman,croatia
skoobiman,Vatreni
skoobiman,CROCAN
skoobiman,FIFAWorldCup
skoobiman,Qatar2022
skoobiman,Family
skoobiman,Croatia
ultra_010699,Croatia
M_NinjAa,Qatar2022
IvanaTucak,art
IvanaTucak,art
IvanaTucak,art
IvanaTucak,art
IvanaTucak,art
IvanaTucak,art
IvanaTucak,art
IvanaTucak,art
IvanaTucak,art
IvanaTucak,art
IvanaTucak,art
IvanaTucak,photography
iva852852,Zagreb
ZvonimirMilas,FIFAWorldCup
ZvonimirMilas,Croatia
uwauRenato,FIFAWorldCup
brankocovic,Croatia
dzjuka,FIFAWorldCup
dzjuka,Qatar2022
grabancijas,Croatia
grabancijas,COP27
grabancijas,COP27
grabancijas,COP27
grabancijas,NFT
grabancijas,crypto
vedri_,croatia
vedri_,hrvatska
KAISERIN_LINA,Croatia
KAISERIN_LINA,WorldCup
KAISERIN_LINA,Family
KAISERIN_LINA,Vatreni
okrkac,Ukraine
MattMarenic,photography
MattMarenic,croatia
MattMarenic,croatia
MattMarenic,croatia
MattMarenic,croatia
MattMarenic,WorldCup2022
MattMarenic,FIFAWorldCup
Helena_321,Ukraine
Helena_321,Ukraine
Helena_321,Ukraine
Poisoned_Ivy007,Croatia
Poisoned_Ivy007,FIFAWorldCup
Poisoned_Ivy007,Croatia
Poisoned_Ivy007,CROCAN
Poisoned_Ivy007,FIFAWorldCup
mirko_mirkan,Ukraine
mirko_mirkan,Ukraine
mirko_mirkan,Ukraine
mirko_mirkan,Ukraine
impostor_yellow,FIFAWorldCup
impostor_yellow,FIFAWorldCup
impostor_yellow,Family
impostor_yellow,Vatreni
impostor_yellow,Qatar2022
furrythrowaway,FIFAWorldCup
Marija_Linic,F1
ElonTravel,Croatia
ElonTravel,Croatia
LeoLjubicic66,FIFAWorldCup
LeoLjubicic66,FIFAWorldCup
LeoLjubicic66,FIFAWorldCup
LeoLjubicic66,FIFAWorldCup
LeoLjubicic66,FIFAWorldCup
LeoLjubicic66,F1
LeoLjubicic66,FIFAWorldCup
LeoLjubicic66,FIFAWorldCup
LeoLjubicic66,FIFAWorldCup
LeoLjubicic66,FIFAWorldCup
LeoLjubicic66,FIFAWorldCup
LeoLjubicic66,FIFAWorldCup
LeoLjubicic66,FIFAWorldCup
LeoLjubicic66,FIFAWorldCup
LeoLjubicic66,FIFAWorldCup
LeoLjubicic66,FIFAWorldCup
LeoLjubicic66,FIFAWorldCup
LeoLjubicic66,FIFAWorldCup
LeoLjubicic66,FIFAWorldCup
LeoLjubicic66,FIFAWorldCup
LeoLjubicic66,FIFAWorldCup
LeoLjubicic66,FIFAWorldCup
LeoLjubicic66,FIFAWorldCup
LeoLjubicic66,FIFAWorldCup
LeoLjubicic66,FIFAWorldCup
LeoLjubicic66,FIFAWorldCup
LeoLjubicic66,FIFAWorldCup
LeoLjubicic66,FIFAWorldCup
LeoLjubicic66,FIFAWorldCup
LeoLjubicic66,FIFAWorldCup
LeoLjubicic66,FIFAWorldCup
LeonKaladija,Croatia
LeonKaladija,FIFAWorldCup
xfact14,Croatia
xfact14,Croatia
xfact14,Croatia
xfact14,Vatreni
xfact14,Family
xfact14,Croatia
xfact14,Vatreni
xfact14,Vatreni
xfact14,Croatia
xfact14,Vatreni
xfact14,Croatia
xfact14,FIFAWorldCup
xfact14,Vatreni
xfact14,Croatia
xfact14,FIFAWorldCup
xfact14,Vatreni
xfact14,Vatreni
Panonski,WorldCup2022
Panonski,WorldCup
Panonski,WorldCup
Panonski,WorldCup
Panonski,WorldCup
Panonski,WorldCup
Panonski,WorldCup
Panonski,WorldCup
Panonski,WorldCup
Panonski,WorldCup
Panonski,WorldCup
capnek123,Croatia
capnek123,COP27
capnek123,Croatia
capnek123,Qatar2022
capnek123,Qatar2022
capnek123,Croatia
capnek123,Croatia
capnek123,Croatia
capnek123,Croatia
Zdenko_Franic,Croatia
Zdenko_Franic,Croatia
hajdarovicm,Ukraine
savke_davke,Ukraine
Lazni_Branitelj,COP27
kataa2020,Croatia
kataa2020,WorldCup
kataa2020,Family
kataa2020,Vatreni
kataa2020,Croatia
kataa2020,Family
kataa2020,Vatreni
kataa2020,Vukovar
kataa2020,Family
kataa2020,Croatia
kataa2020,WorldCup
kataa2020,Vatreni
kataa2020,Vatreni
kataa2020,Vatreni
kataa2020,FIFAWorldCup
kataa2020,Vatreni
dolci_diversi,Croatia
dolci_diversi,FIFAWorldCup
dolci_diversi,Qatar2022
dolci_diversi,Family
dolci_diversi,Vatreni
GlasHrvatske,Zagreb
GlasHrvatske,Zagreb
GlasHrvatske,Zagreb
GlasHrvatske,Zagreb
GlasHrvatske,Zagreb
GlasHrvatske,Zagreb
GlasHrvatske,Zagreb
GlasHrvatske,Zagreb
GlasHrvatske,Zagreb
GlasHrvatske,Zagreb
GlasHrvatske,Zagreb
GlasHrvatske,Zagreb
GlasHrvatske,Zagreb
GlasHrvatske,Zagreb
GlasHrvatske,Zagreb
GlasHrvatske,Zagreb
arsenaloFka,Croatia
arsenaloFka,WorldCup
arsenaloFka,Family
arsenaloFka,Vatreni
arsenaloFka,Croatia
arsenaloFka,WorldCup
arsenaloFka,Family
arsenaloFka,Vatreni
arsenaloFka,WorldCup
arsenaloFka,hrvatska
arsenaloFka,hrvatska
arsenaloFka,hrvatska
arsenaloFka,Qatar2022
arsenaloFka,hrvatska
arsenaloFka,croatia
arsenaloFka,WorldCup
arsenaloFka,WorldCup2022
arsenaloFka,Qatar2022
arsenaloFka,FIFAWorldCup
arsenaloFka,WorldCup
arsenaloFka,WorldCup
arsenaloFka,FIFAWorldCup
arsenaloFka,Qatar2022
arsenaloFka,Vatreni
arsenaloFka,FIFAWorldCup
arsenaloFka,Qatar2022
arsenaloFka,Croatia
arsenaloFka,Family
arsenaloFka,Vatreni
arsenaloFka,WorldCup
arsenaloFka,Qatar2022
arsenaloFka,Croatia
arsenaloFka,FIFAWorldCup
arsenaloFka,Family
arsenaloFka,Vatreni
arsenaloFka,Qatar2022
arsenaloFka,WorldCup2022
arsenaloFka,Qatar2022
arsenaloFka,CROCAN
arsenaloFka,FIFAWorldCup
arsenaloFka,Vatreni
Bracopone,photography
Bracopone,croatia
Bracopone,photography
Bracopone,croatia
Bracopone,croatia
Bracopone,hrvatska
Bracopone,photography
ZetichOfficial,Bitcoin
ZetichOfficial,Bitcoin
ZetichOfficial,Bitcoin
KarpatskyV,Ukraine
KarpatskyV,Ukraine
NogometPlusNet,Qatar2022
NogometPlusNet,Qatar2022
NogometPlusNet,Qatar2022
NogometPlusNet,Qatar2022
NogometPlusNet,Qatar2022
NogometPlusNet,Qatar2022
NogometPlusNet,Qatar2022
NogometPlusNet,Qatar2022
NogometPlusNet,Qatar2022
NogometPlusNet,Qatar2022
NogometPlusNet,Qatar2022
NogometPlusNet,Qatar2022
NogometPlusNet,Qatar2022
NogometPlusNet,Qatar2022
NogometPlusNet,Qatar2022
NogometPlusNet,Qatar2022
NogometPlusNet,Qatar2022
NogometPlusNet,Qatar2022
NogometPlusNet,Qatar2022
NogometPlusNet,Qatar2022
NogometPlusNet,Qatar2022
NogometPlusNet,Qatar2022
NogometPlusNet,Qatar2022
NogometPlusNet,Qatar2022
NogometPlusNet,Qatar2022
NogometPlusNet,Qatar2022
NogometPlusNet,Qatar2022
NogometPlusNet,Qatar2022
NogometPlusNet,Qatar2022
NogometPlusNet,Qatar2022
NogometPlusNet,Qatar2022
NogometPlusNet,Qatar2022
NogometPlusNet,Qatar2022
NogometPlusNet,Qatar2022
NogometPlusNet,Qatar2022
NogometPlusNet,Qatar2022
NogometPlusNet,Qatar2022
NogometPlusNet,Qatar2022
NogometPlusNet,Qatar2022
NogometPlusNet,Qatar2022
NogometPlusNet,Qatar2022
NogometPlusNet,Qatar2022
NogometPlusNet,Qatar2022
NogometPlusNet,Qatar2022
NogometPlusNet,Qatar2022
NogometPlusNet,Qatar2022
NogometPlusNet,Qatar2022
NogometPlusNet,Qatar2022
NogometPlusNet,Qatar2022
NogometPlusNet,Qatar2022
NogometPlusNet,Qatar2022
NogometPlusNet,Qatar2022
NogometPlusNet,Qatar2022
NogometPlusNet,Qatar2022
NogometPlusNet,Qatar2022
NogometPlusNet,Qatar2022
NogometPlusNet,Qatar2022
NogometPlusNet,Qatar2022
NogometPlusNet,Qatar2022
NogometPlusNet,Qatar2022
NogometPlusNet,Qatar2022
NogometPlusNet,Qatar2022
NogometPlusNet,Qatar2022
NogometPlusNet,Qatar2022
NogometPlusNet,Qatar2022
NogometPlusNet,Qatar2022
NogometPlusNet,Qatar2022
NogometPlusNet,Qatar2022
NogometPlusNet,Qatar2022
NogometPlusNet,Qatar2022
NogometPlusNet,Qatar2022
NogometPlusNet,Qatar2022
NogometPlusNet,Qatar2022
NogometPlusNet,Qatar2022
NogometPlusNet,Qatar2022
NogometPlusNet,Qatar2022
NogometPlusNet,Qatar2022
NogometPlusNet,Qatar2022
NogometPlusNet,Qatar2022
NogometPlusNet,Qatar2022
NogometPlusNet,Qatar2022
NogometPlusNet,Qatar2022
NogometPlusNet,Qatar2022
NogometPlusNet,Qatar2022
NogometPlusNet,Qatar2022
NogometPlusNet,Qatar2022
NogometPlusNet,Qatar2022
NogometPlusNet,Qatar2022
NogometPlusNet,Qatar2022
NogometPlusNet,Qatar2022
NogometPlusNet,Qatar2022
NogometPlusNet,Qatar2022
NogometPlusNet,Qatar2022
NogometPlusNet,Qatar2022
NogometPlusNet,Qatar2022
NogometPlusNet,Qatar2022
NogometPlusNet,Qatar2022
NogometPlusNet,Qatar2022
NogometPlusNet,Qatar2022
NogometPlusNet,Qatar2022
NogometPlusNet,Qatar2022
NogometPlusNet,Qatar2022
NogometPlusNet,Qatar2022
SeverMaja,Zagreb
SeverMaja,Croatia
SeverMaja,Zagreb
SeverMaja,Zagreb
SeverMaja,Zagreb
the_marijan,CROCAN
Antimon_Zg,FIFAWorldCup
Antimon_Zg,Qatar2022
IvankaSCK,Croatia
IvankaSCK,Croatia
IvankaSCK,Croatia
IvankaSCK,Croatia
IvankaSCK,FIFAWorldCup
IvankaSCK,FIFAWorldCup
IvankaSCK,CROCAN
DavorIzakovic,Bitcoin
DavorIzakovic,Bitcoin
DavorIzakovic,Bitcoin
CallMeMilan,Croatia
CallMeMilan,Croatia
CallMeMilan,WorldCup2022
kresosz,FIFAWorldCup
natalija0313,F1
Kal_ORyffer,FIFAWorldCup
strings_kings,FIFAWorldCup
SilverSpace,Ukraine
SilverSpace,Vukovar
SilverSpace,FIFAWorldCup
SilverSpace,Ukraine
SilverSpace,Qatar2022
SilverSpace,Ukraine
Efeuefeus,Ukraine
slaventurkovic,FIFAWorldCup
slaventurkovic,FIFAWorldCup
slaventurkovic,FIFAWorldCup
slaventurkovic,FIFAWorldCup
slaventurkovic,Qatar2022
slaventurkovic,Qatar2022
slaventurkovic,FIFAWorldCup
slaventurkovic,FIFAWorldCup
MatijaKuzz,NFT
MatijaKuzz,NFT
diabolic012,crypto
malimirkeccita,WorldCup
NeovisniA,Croatia
NeovisniA,Croatia
NeovisniA,Croatia
NeovisniA,CROCAN
NeovisniA,CROCAN
NeovisniA,CROCAN
novoselecn18,Croatia
novoselecn18,FIFAWorldCup
novoselecn18,Family
novoselecn18,Vatreni
novoselecn18,Qatar2022
HrvatskiV,Family
HrvatskiV,Vatreni
HrvatskiV,Croatia
HrvatskiV,FIFAWorldCup
HrvatskiV,Family
HrvatskiV,Vatreni
HrvatskiV,Qatar2022
FarkasMihael,COP27
danas_hr,Zagreb
danas_hr,hrvatska
danas_hr,hrvatska
danas_hr,hrvatska
danas_hr,Zagreb
danas_hr,hrvatska
danas_hr,hrvatska
DRDevourer,Vatreni
DRDevourer,FIFAWorldCup
DRDevourer,Croatia
DRDevourer,FIFAWorldCup
DRDevourer,FIFAWorldCup
DRDevourer,Croatia
DRDevourer,FIFAWorldCup
DRDevourer,Croatia
DRDevourer,FIFAWorldCup
DRDevourer,FIFAWorldCup
DRDevourer,Vatreni
DRDevourer,CROCAN
DRDevourer,Croatia
DRDevourer,Vatreni
lui_stelko,Qatar2022
EK_Hrvatska,COP27
EK_Hrvatska,COP27
EK_Hrvatska,COP27
EK_Hrvatska,COP27
EK_Hrvatska,COP27
EK_Hrvatska,COP27
EK_Hrvatska,COP27
EK_Hrvatska,COP27
EK_Hrvatska,Vukovar
EK_Hrvatska,COP27
EK_Hrvatska,FIFAWorldCup
EK_Hrvatska,Croatia
EK_Hrvatska,FIFAWorldCup
EK_Hrvatska,Croatia
EK_Hrvatska,Vatreni
EK_Hrvatska,CROCAN
EK_Hrvatska,FIFAWorldCup
EK_Hrvatska,Qatar2022
EK_Hrvatska,Family
EK_Hrvatska,Croatia
PrvaHrvLiga,WorldCup2022
PrvaHrvLiga,croatia
PrvaHrvLiga,Croatia
PrvaHrvLiga,WorldCup
PrvaHrvLiga,Family
PrvaHrvLiga,Vatreni
PrvaHrvLiga,croatia
PrvaHrvLiga,Croatia
PrvaHrvLiga,FIFAWorldCup
PrvaHrvLiga,Family
PrvaHrvLiga,Vatreni
PrvaHrvLiga,Vatreni
PrvaHrvLiga,croatia
PrvaHrvLiga,croatia
PrvaHrvLiga,croatia
PrvaHrvLiga,croatia
PrvaHrvLiga,croatia
PrvaHrvLiga,croatia
PrvaHrvLiga,croatia
PrvaHrvLiga,croatia
PrvaHrvLiga,croatia
ZlatanLeko,Qatar2022
ZlatanLeko,Qatar2022
ZlatanLeko,Vukovar
ZlatanLeko,Vukovar
ZlatanLeko,Qatar2022
ZlatanLeko,Vatreni
ZlatanLeko,Vatreni
theAlenZalac,F1
theAlenZalac,F1
theAlenZalac,FIFAWorldCup
theAlenZalac,CROCAN
theAlenZalac,FIFAWorldCup
theAlenZalac,CROCAN
theAlenZalac,FIFAWorldCup
theAlenZalac,FIFAWorldCup
ZenoZokalj,Ukraine
ZenoZokalj,Ukraine
mili_escx,Qatar2022
mili_escx,FIFAWorldCup
zmay_maya,Zagreb
zmay_maya,Zagreb
zmay_maya,Zagreb
zmay_maya,CROCAN
zmay_maya,CROCAN
zmay_maya,FIFAWorldCup
zmay_maya,CROCAN
zmay_maya,CROCAN
zmay_maya,FIFAWorldCup
__k_o_r_i_n_a__,F1
__k_o_r_i_n_a__,F1
__k_o_r_i_n_a__,F1
__k_o_r_i_n_a__,F1
__k_o_r_i_n_a__,F1
__k_o_r_i_n_a__,FIFAWorldCup
__k_o_r_i_n_a__,FIFAWorldCup
Croat_30_5_1990,Vukovar
Croat_30_5_1990,Croatia
socijali_ST,CROCAN
socijali_ST,FIFAWorldCup
socijali_ST,Qatar2022
socijali_ST,FIFAWorldCup
NevenVadas,Croatia
p_petricaa,F1
p_petricaa,F1
p_petricaa,F1
p_petricaa,F1
p_petricaa,F1
p_petricaa,F1
p_petricaa,F1
p_petricaa,F1
p_petricaa,F1
p_petricaa,F1
p_petricaa,F1
p_petricaa,F1
p_petricaa,F1
p_petricaa,FIFAWorldCup
p_petricaa,FIFAWorldCup
p_petricaa,Croatia
p_petricaa,FIFAWorldCup
p_petricaa,Qatar2022
p_petricaa,Family
p_petricaa,Vatreni
p_petricaa,F1
p_petricaa,FIFAWorldCup
p_petricaa,FIFAWorldCup
p_petricaa,FIFAWorldCup
p_petricaa,FIFAWorldCup
p_petricaa,Family
p_petricaa,Vatreni
p_petricaa,Qatar2022
p_petricaa,Croatia
p_petricaa,FIFAWorldCup
p_petricaa,FIFAWorldCup
p_petricaa,CROCAN
p_petricaa,FIFAWorldCup
p_petricaa,Qatar2022
p_petricaa,Vatreni
p_petricaa,FIFAWorldCup
p_petricaa,Qatar2022
p_petricaa,FIFAWorldCup
p_petricaa,FIFAWorldCup
p_petricaa,Croatia
p_petricaa,CROCAN
p_petricaa,FIFAWorldCup
p_petricaa,FIFAWorldCup
p_petricaa,FIFAWorldCup
p_petricaa,Qatar2022
p_petricaa,FIFAWorldCup
p_petricaa,Family
p_petricaa,Vatreni
p_petricaa,F1
p_petricaa,F1
p_petricaa,F1
Marina87251891,Vukovar
Marina87251891,Vukovar
Marina87251891,Vukovar
Marina87251891,Vukovar
Marina87251891,Vukovar
Marina87251891,Vukovar
Marina87251891,Vukovar
Marina87251891,Vukovar
Marina87251891,Vukovar
Marina87251891,Vukovar
Marina87251891,Zagreb
Marina87251891,COP27
Marina87251891,Croatia
Marina87251891,Family
Marina87251891,Vukovar
Marina87251891,hrvatska
DeeptaNagpal,Zagreb
DeeptaNagpal,CROCAN
Sandra_Ri051,Qatar2022
Sandra_Ri051,CROCAN
opacak1950,Croatia
opacak1950,WorldCup
opacak1950,Family
opacak1950,Vatreni
opacak1950,FIFAWorldCup
SR19852,CROCAN
ChrisNikolic4,Vukovar
Gmizavci,Ukraine
Gmizavci,FIFAWorldCup
kuticic,FIFAWorldCup
kuticic,Vatreni
kuticic,FIFAWorldCup
kuticic,Vatreni
kuticic,Family
Mladen2008,FIFAWorldCup
ThatTLOUFanboy,Ukraine
ThatTLOUFanboy,WorldCup
Kovalska6,Vukovar
Kovalska6,Croatia
Kovalska6,Vukovar
KristijanKrkac,Ukraine
KristijanKrkac,Ukraine
KristijanKrkac,Ukraine
KristijanKrkac,Ukraine
KristijanKrkac,Ukraine
KristijanKrkac,Ukraine
KristijanKrkac,Ukraine
KristijanKrkac,Ukraine
KristijanKrkac,Ukraine
KristijanKrkac,Ukraine
KristijanKrkac,Ukraine
KristijanKrkac,Ukraine
KristijanKrkac,Ukraine
KristijanKrkac,Ukraine
KristijanKrkac,Ukraine
KristijanKrkac,Ukraine
KristijanKrkac,Ukraine
KristijanKrkac,Ukraine
KristijanKrkac,Ukraine
KristijanKrkac,Ukraine
KristijanKrkac,Ukraine
KristijanKrkac,Ukraine
KristijanKrkac,Ukraine
KristijanKrkac,Ukraine
KristijanKrkac,Ukraine
KristijanKrkac,Ukraine
KristijanKrkac,Ukraine
KristijanKrkac,Ukraine
KristijanKrkac,Ukraine
KristijanKrkac,Ukraine
KristijanKrkac,Ukraine
KristijanKrkac,Ukraine
KristijanKrkac,Ukraine
KristijanKrkac,Ukraine
KristijanKrkac,Ukraine
KristijanKrkac,Ukraine
KristijanKrkac,Ukraine
KristijanKrkac,Ukraine
KristijanKrkac,Ukraine
KristijanKrkac,Ukraine
KristijanKrkac,Ukraine
KristijanKrkac,Ukraine
KristijanKrkac,Ukraine
KristijanKrkac,Ukraine
KristijanKrkac,Croatia
KristijanKrkac,Ukraine
KristijanKrkac,Ukraine
KristijanKrkac,Ukraine
KristijanKrkac,Croatia
KristijanKrkac,Ukraine
KristijanKrkac,Ukraine
KristijanKrkac,Ukraine
KristijanKrkac,Ukraine
KristijanKrkac,Ukraine
KristijanKrkac,Ukraine
KristijanKrkac,Ukraine
KristijanKrkac,Ukraine
KristijanKrkac,Ukraine
KristijanKrkac,Ukraine
KristijanKrkac,Ukraine
KristijanKrkac,Ukraine
KristijanKrkac,Ukraine
KristijanKrkac,Zagreb
KristijanKrkac,Croatia
KristijanKrkac,Ukraine
KristijanKrkac,Ukraine
KristijanKrkac,Ukraine
KristijanKrkac,Ukraine
KristijanKrkac,Ukraine
KristijanKrkac,Ukraine
KristijanKrkac,Croatia
KristijanKrkac,Ukraine
KristijanKrkac,Ukraine
KristijanKrkac,Ukraine
KristijanKrkac,Ukraine
KristijanKrkac,Croatia
KristijanKrkac,Ukraine
KristijanKrkac,Ukraine
KristijanKrkac,Ukraine
KristijanKrkac,Croatia
KristijanKrkac,Ukraine
KristijanKrkac,Ukraine
KristijanKrkac,Ukraine
KristijanKrkac,Ukraine
KristijanKrkac,Ukraine
KristijanKrkac,Ukraine
ateezholic,FIFAWorldCup
ateezholic,FIFAWorldCup
ateezholic,Qatar2022
ateezholic,FIFAWorldCup
ateezholic,Croatia
ateezholic,CROCAN
ateezholic,FIFAWorldCup
ateezholic,Qatar2022
ateezholic,Family
ateezholic,Vatreni
ateezholic,FIFAWorldCup
ateezholic,Qatar2022
ateezholic,FIFAWorldCup
Kresendo,Ukraine
BrezaR6,F1
BrezaR6,F1
PIXSELL,photography
PIXSELL,Croatia
PIXSELL,croatia
PIXSELL,croatia
PIXSELL,art
PIXSELL,croatia
PIXSELL,Croatia
PIXSELL,croatia
PIXSELL,photography
PIXSELL,croatia
PIXSELL,photography
PIXSELL,Croatia
PIXSELL,croatia
PIXSELL,Croatia
PIXSELL,photography
PIXSELL,croatia
PIXSELL,Zagreb
PIXSELL,croatia
PIXSELL,croatia
PIXSELL,croatia
PIXSELL,photography
PIXSELL,photography
PIXSELL,photography
PIXSELL,croatia
PIXSELL,croatia
PIXSELL,croatia
PIXSELL,croatia
PIXSELL,photography
PIXSELL,croatia
PIXSELL,croatia
PIXSELL,photography
PIXSELL,photography
PIXSELL,croatia
PIXSELL,art
PIXSELL,croatia
PIXSELL,photography
PIXSELL,croatia
PIXSELL,croatia
PIXSELL,photography
PIXSELL,photography
PIXSELL,croatia
PIXSELL,croatia
PIXSELL,photography
PIXSELL,croatia
PIXSELL,photography
PIXSELL,photography
PIXSELL,photography
PIXSELL,croatia
PIXSELL,photography
PIXSELL,croatia
PIXSELL,photography
PIXSELL,Croatia
PIXSELL,photography
PIXSELL,croatia
PIXSELL,croatia
PIXSELL,croatia
PIXSELL,photography
PIXSELL,photography
PIXSELL,croatia
PIXSELL,photography
PIXSELL,croatia
PIXSELL,croatia
PIXSELL,photography
PIXSELL,croatia
PIXSELL,photography
PIXSELL,photography
PIXSELL,croatia
PIXSELL,croatia
PIXSELL,croatia
PIXSELL,croatia
PIXSELL,photography
PIXSELL,croatia
PIXSELL,croatia
PIXSELL,photography
PIXSELL,croatia
PIXSELL,Croatia
PIXSELL,art
PIXSELL,photography
PIXSELL,art
PIXSELL,croatia
PIXSELL,hrvatska
PIXSELL,art
PIXSELL,photography
PIXSELL,croatia
PIXSELL,Croatia
PIXSELL,croatia
PIXSELL,croatia
PIXSELL,croatia
PIXSELL,Croatia
PIXSELL,croatia
PIXSELL,croatia
PIXSELL,photography
PIXSELL,photography
PIXSELL,croatia
PIXSELL,croatia
PIXSELL,photography
PIXSELL,croatia
PIXSELL,croatia
PIXSELL,croatia
PIXSELL,croatia
PIXSELL,photography
PIXSELL,croatia
PIXSELL,croatia
PIXSELL,photography
PIXSELL,croatia
PIXSELL,photography
PIXSELL,croatia
PIXSELL,Qatar2022
PIXSELL,croatia
PIXSELL,photography
PIXSELL,croatia
PIXSELL,photography
PIXSELL,croatia
PIXSELL,Qatar2022
PIXSELL,croatia
PIXSELL,photography
PIXSELL,Qatar2022
PIXSELL,croatia
PIXSELL,photography
PIXSELL,croatia
PIXSELL,croatia
PIXSELL,art
PIXSELL,croatia
PIXSELL,Qatar2022
PIXSELL,croatia
PIXSELL,croatia
PIXSELL,photography
PIXSELL,croatia
PIXSELL,croatia
PIXSELL,Qatar2022
PIXSELL,photography
PIXSELL,croatia
PIXSELL,photography
PIXSELL,photography
PIXSELL,Croatia
PIXSELL,croatia
PIXSELL,photography
PIXSELL,croatia
PIXSELL,Croatia
PIXSELL,croatia
PIXSELL,croatia
PIXSELL,photography
PIXSELL,croatia
PIXSELL,croatia
PIXSELL,croatia
PIXSELL,photography
PIXSELL,Qatar2022
PIXSELL,Croatia
PIXSELL,Qatar2022
PIXSELL,croatia
PIXSELL,croatia
PIXSELL,photography
PIXSELL,Qatar2022
PIXSELL,croatia
PIXSELL,FIFAWorldCup
PIXSELL,croatia
PIXSELL,croatia
PIXSELL,Qatar2022
PIXSELL,croatia
PIXSELL,FIFAWorldCup
PIXSELL,photography
PIXSELL,Qatar2022
PIXSELL,croatia
PIXSELL,FIFAWorldCup
PIXSELL,Qatar2022
PIXSELL,croatia
PIXSELL,FIFAWorldCup
PIXSELL,Qatar2022
PIXSELL,croatia
PIXSELL,FIFAWorldCup
PIXSELL,Qatar2022
PIXSELL,croatia
PIXSELL,FIFAWorldCup
PIXSELL,hrvatska
PIXSELL,Croatia
PIXSELL,croatia
PIXSELL,photography
PIXSELL,Croatia
PIXSELL,croatia
PIXSELL,Qatar2022
PIXSELL,croatia
PIXSELL,FIFAWorldCup
PIXSELL,photography
PIXSELL,croatia
PIXSELL,Qatar2022
PIXSELL,croatia
PIXSELL,FIFAWorldCup
PIXSELL,Qatar2022
PIXSELL,photography
PIXSELL,Qatar2022
PIXSELL,FIFAWorldCup
PIXSELL,croatia
PIXSELL,Qatar2022
PIXSELL,FIFAWorldCup
PIXSELL,photography
PIXSELL,Qatar2022
PIXSELL,FIFAWorldCup
PIXSELL,Vatreni
PIXSELL,Qatar2022
PIXSELL,FIFAWorldCup
PIXSELL,WorldCup2022
PIXSELL,WorldCup
PIXSELL,Croatia
PIXSELL,Vatreni
PIXSELL,photography
PIXSELL,Qatar2022
PIXSELL,FIFAWorldCup
PIXSELL,Croatia
PIXSELL,WorldCup2022
PIXSELL,Qatar2022
PIXSELL,FIFAWorldCup
PIXSELL,WorldCup
PIXSELL,Qatar2022
PIXSELL,FIFAWorldCup
PIXSELL,Vatreni
PIXSELL,Croatia
PIXSELL,photography
PIXSELL,Qatar2022
PIXSELL,FIFAWorldCup
PIXSELL,Croatia
PIXSELL,croatia
PIXSELL,photography
PIXSELL,Qatar2022
PIXSELL,FIFAWorldCup
PIXSELL,Croatia
PIXSELL,WorldCup2022
PIXSELL,Croatia
PIXSELL,croatia
PIXSELL,photography
PIXSELL,croatia
PIXSELL,Qatar2022
PIXSELL,FIFAWorldCup
PIXSELL,Croatia
PIXSELL,WorldCup
PIXSELL,Qatar2022
PIXSELL,FIFAWorldCup
PIXSELL,Croatia
PIXSELL,WorldCup2022
PIXSELL,croatia
PIXSELL,Vatreni
lillylenz,Croatia
lillylenz,CROCAN
lillylenz,FIFAWorldCup
lillylenz,Qatar2022
lillylenz,Family
lillylenz,Vatreni
lillylenz,CROCAN
ggrudic,croatia
ggrudic,Croatia
its_ivaa,Vatreni
its_ivaa,FIFAWorldCup
its_ivaa,Qatar2022
its_ivaa,Vatreni
its_ivaa,Qatar2022
its_ivaa,FIFAWorldCup
its_ivaa,Qatar2022
its_ivaa,Qatar2022
its_ivaa,FIFAWorldCup
its_ivaa,Vatreni
its_ivaa,FIFAWorldCup
its_ivaa,Qatar2022
its_ivaa,Vatreni
its_ivaa,Qatar2022
its_ivaa,Vatreni
its_ivaa,Qatar2022
its_ivaa,Vatreni
its_ivaa,Vatreni
its_ivaa,Qatar2022
its_ivaa,FIFAWorldCup
its_ivaa,Qatar2022
its_ivaa,FIFAWorldCup
its_ivaa,Vatreni
its_ivaa,Qatar2022
its_ivaa,FIFAWorldCup
its_ivaa,Qatar2022
D1nac,Family
D1nac,Vatreni
D1nac,FIFAWorldCup
D1nac,Qatar2022
CepoDario,WorldCup
CepoDario,Ukraine
CepoDario,Zagreb
FranKuseta,Ukraine
DubrovnikTimes,Croatia
DubrovnikTimes,Zagreb
DubrovnikTimes,Croatia
DubrovnikTimes,Croatia
DubrovnikTimes,Croatia
DubrovnikTimes,Croatia
DubrovnikTimes,WorldCup2022
DubrovnikTimes,Croatia
DubrovnikTimes,WorldCup2022
DubrovnikTimes,Croatia
DubrovnikTimes,Croatia
DubrovnikTimes,Croatia
DubrovnikTimes,Croatia
DubrovnikTimes,WorldCup2022
DubrovnikTimes,Croatia
DubrovnikTimes,Croatia
DubrovnikTimes,Croatia
DubrovnikTimes,Croatia
DubrovnikTimes,Croatia
DubrovnikTimes,WorldCup2022
DubrovnikTimes,Croatia
DubrovnikTimes,Croatia
DubrovnikTimes,CROCAN
DubrovnikTimes,CROCAN
DubrovnikTimes,WorldCup2022
DubrovnikTimes,Croatia
DubrovnikTimes,Croatia
DubrovnikTimes,Croatia
rpezer1,Vukovar
rpezer1,Croatia
rpezer1,Croatia
MoMoniMonique,Vukovar
MoMoniMonique,Vukovar
MoMoniMonique,FIFAWorldCup
stroj12345,WorldCup
stroj12345,WorldCup2022
mars0nia,F1
mars0nia,F1
CroatiaWeek,WorldCup2022
CroatiaWeek,Croatia
CroatiaWeek,WorldCup2022
CroatiaWeek,CROCAN
CroatiaWeek,WorldCup2022
MaksSclrt19,WorldCup2022
MaksSclrt19,Croatia
MaksSclrt19,FIFAWorldCup
MaksSclrt19,Qatar2022
MaksSclrt19,Family
MaksSclrt19,Vatreni
MaksSclrt19,Croatia
MaksSclrt19,FIFAWorldCup
MaksSclrt19,Family
MaksSclrt19,Vatreni
MaksSclrt19,Qatar2022
ngilic1,croatia
nenadzanko,Croatia
nenadzanko,croatia
nenadzanko,Croatia
nenadzanko,croatia
nenadzanko,Croatia
nenadzanko,croatia
nenadzanko,Croatia
nenadzanko,croatia
nenadzanko,Croatia
nenadzanko,croatia
nenadzanko,Croatia
nenadzanko,croatia
nenadzanko,Croatia
nenadzanko,croatia
nenadzanko,Croatia
nenadzanko,croatia
nenadzanko,Croatia
nenadzanko,croatia
nenadzanko,Croatia
nenadzanko,croatia
nenadzanko,Croatia
nenadzanko,croatia
nenadzanko,Croatia
nenadzanko,croatia
nenadzanko,Croatia
nenadzanko,croatia
nenadzanko,Croatia
nenadzanko,croatia
nenadzanko,Croatia
nenadzanko,croatia
nenadzanko,Croatia
nenadzanko,croatia
nenadzanko,Croatia
nenadzanko,croatia
nenadzanko,Croatia
nenadzanko,croatia
nenadzanko,Croatia
nenadzanko,croatia
nenadzanko,Croatia
nenadzanko,croatia
nenadzanko,Croatia
nenadzanko,croatia
nenadzanko,Croatia
nenadzanko,croatia
nenadzanko,Croatia
nenadzanko,croatia
nenadzanko,Croatia
nenadzanko,croatia
nenadzanko,Croatia
nenadzanko,croatia
nenadzanko,Croatia
nenadzanko,croatia
nenadzanko,Croatia
nenadzanko,croatia
nenadzanko,Croatia
nenadzanko,croatia
nenadzanko,Croatia
nenadzanko,croatia
nenadzanko,Croatia
nenadzanko,croatia
CroatiaFerries,Croatia
Tomasz22700400,Qatar2022
KresimirDivic,crypto
KresimirDivic,crypto
KresimirDivic,crypto
KresimirDivic,crypto
KresimirDivic,NFT
KresimirDivic,NFT
KresimirDivic,NFT
bam_va7,art
bam_va7,Croatia
bam_va7,art
HunterCrypto420,crypto
HunterCrypto420,NFT
HunterCrypto420,NFT
HunterCrypto420,crypto
HunterCrypto420,NFT
HunterCrypto420,NFT
HunterCrypto420,NFT
dcaric,crypto
Ivy__Croatia,Croatia
Ivy__Croatia,WorldCup
Ivy__Croatia,Family
Ivy__Croatia,Vatreni
Ivy__Croatia,FIFAWorldCup
Ivy__Croatia,Croatia
Ivy__Croatia,WorldCup
Ivy__Croatia,Family
Ivy__Croatia,Vatreni
Ivy__Croatia,Qatar2022
Ivy__Croatia,FIFAWorldCup
Ivy__Croatia,Croatia
Ivy__Croatia,WorldCup
Ivy__Croatia,Family
Ivy__Croatia,Vatreni
Ivy__Croatia,WorldCup
Ivy__Croatia,Croatia
Ivy__Croatia,Family
Ivy__Croatia,Vatreni
Ivy__Croatia,Croatia
Ivy__Croatia,Vatreni
Ivy__Croatia,WorldCup
Ivy__Croatia,Family
Ivy__Croatia,Croatia
Ivy__Croatia,WorldCup
Ivy__Croatia,Family
Ivy__Croatia,Vatreni
Ivy__Croatia,WorldCup
Ivy__Croatia,Family
Ivy__Croatia,Vatreni
Ivy__Croatia,Croatia
Ivy__Croatia,Family
Ivy__Croatia,Vatreni
Ivy__Croatia,Croatia
Ivy__Croatia,Family
Ivy__Croatia,Vatreni
Ivy__Croatia,Croatia
Ivy__Croatia,Family
Ivy__Croatia,Vatreni
Ivy__Croatia,WorldCup
Ivy__Croatia,Vatreni
Ivy__Croatia,Qatar2022
Ivy__Croatia,FIFAWorldCup
Ivy__Croatia,Croatia
Ivy__Croatia,Family
Ivy__Croatia,Croatia
Ivy__Croatia,WorldCup
Ivy__Croatia,Vatreni
Ivy__Croatia,FIFAWorldCup
Ivy__Croatia,Family
Ivy__Croatia,Vatreni
Ivy__Croatia,Croatia
Ivy__Croatia,WorldCup
Ivy__Croatia,Family
Ivy__Croatia,Vatreni
Ivy__Croatia,Croatia
Ivy__Croatia,Family
Ivy__Croatia,Vatreni
Ivy__Croatia,FIFAWorldCup
Ivy__Croatia,Family
Ivy__Croatia,Vatreni
Ivy__Croatia,FIFAWorldCup
Ivy__Croatia,Croatia
Ivy__Croatia,FIFAWorldCup
Ivy__Croatia,Family
Ivy__Croatia,Vatreni
Ivy__Croatia,FIFAWorldCup
Ivy__Croatia,Vatreni
Ivy__Croatia,FIFAWorldCup
Ivy__Croatia,Croatia
Ivy__Croatia,Family
Ivy__Croatia,Vatreni
Ivy__Croatia,WorldCup2022
Ivy__Croatia,FIFAWorldCup
Ivy__Croatia,Croatia
Ivy__Croatia,Family
Ivy__Croatia,Vatreni
Ivy__Croatia,WorldCup
Ivy__Croatia,FIFAWorldCup
Ivy__Croatia,Croatia
Ivy__Croatia,Family
Ivy__Croatia,Vatreni
Ivy__Croatia,FIFAWorldCup
Ivy__Croatia,Croatia
Ivy__Croatia,Qatar2022
Ivy__Croatia,Family
Ivy__Croatia,Vatreni
Ivy__Croatia,FIFAWorldCup
Ivy__Croatia,Qatar2022
Ivy__Croatia,Vatreni
Ivy__Croatia,FIFAWorldCup
Ivy__Croatia,Qatar2022
Ivy__Croatia,Croatia
Ivy__Croatia,Family
Ivy__Croatia,Vatreni
Ivy__Croatia,Croatia
Ivy__Croatia,Family
Ivy__Croatia,Vatreni
Ivy__Croatia,FIFAWorldCup
Ivy__Croatia,Qatar2022
Ivy__Croatia,FIFAWorldCup
Ivy__Croatia,Qatar2022
Ivy__Croatia,Family
Ivy__Croatia,Vatreni
Ivy__Croatia,Croatia
Ivy__Croatia,FIFAWorldCup
Ivy__Croatia,Family
Ivy__Croatia,Vatreni
Ivy__Croatia,Qatar2022
Ivy__Croatia,FIFAWorldCup
Ivy__Croatia,Qatar2022
Ivy__Croatia,Croatia
Ivy__Croatia,Family
Ivy__Croatia,Vatreni
Ivy__Croatia,Croatia
Ivy__Croatia,FIFAWorldCup
Ivy__Croatia,Vatreni
Ivy__Croatia,FIFAWorldCup
Ivy__Croatia,FIFAWorldCup
Ivy__Croatia,Family
Ivy__Croatia,Vatreni
Ivy__Croatia,FIFAWorldCup
Ivy__Croatia,Vatreni
Ivy__Croatia,Qatar2022
Ivy__Croatia,Croatia
Ivy__Croatia,FIFAWorldCup
Ivy__Croatia,Qatar2022
Ivy__Croatia,Family
Ivy__Croatia,Vatreni
Ivy__Croatia,Croatia
Ivy__Croatia,FIFAWorldCup
Ivy__Croatia,Qatar2022
Ivy__Croatia,CROCAN
Ivy__Croatia,Family
Ivy__Croatia,Vatreni
Ivy__Croatia,Family
Ivy__Croatia,Vatreni
Ivy__Croatia,FIFAWorldCup
Ivy__Croatia,Qatar2022
Ivy__Croatia,FIFAWorldCup
Ivy__Croatia,Croatia
Ivy__Croatia,Vatreni
Ivy__Croatia,Croatia
Ivy__Croatia,CROCAN
Ivy__Croatia,FIFAWorldCup
Ivy__Croatia,Qatar2022
Ivy__Croatia,Family
Ivy__Croatia,Vatreni
Ivy__Croatia,CROCAN
Ivy__Croatia,FIFAWorldCup
Ivy__Croatia,Vatreni
Ivy__Croatia,CROCAN
Ivy__Croatia,FIFAWorldCup
Ivy__Croatia,Qatar2022
Ivy__Croatia,Family
Ivy__Croatia,Vatreni
Ivy__Croatia,Croatia
Ivy__Croatia,CROCAN
Ivy__Croatia,FIFAWorldCup
Ivy__Croatia,Qatar2022
Ivy__Croatia,Family
Ivy__Croatia,Vatreni
Ivy__Croatia,Croatia
Ivy__Croatia,CROCAN
Ivy__Croatia,FIFAWorldCup
Ivy__Croatia,Qatar2022
Ivy__Croatia,Family
Ivy__Croatia,Vatreni
Ivy__Croatia,FIFAWorldCup
Ivy__Croatia,CROCAN
Ivy__Croatia,FIFAWorldCup
Ivy__Croatia,Qatar2022
Ivy__Croatia,Family
Ivy__Croatia,Vatreni
Ivy__Croatia,FIFAWorldCup
Ivy__Croatia,Qatar2022
Ivy__Croatia,Family
Ivy__Croatia,Vatreni
Ivy__Croatia,Vatreni
Ivy__Croatia,FIFAWorldCup
Ivy__Croatia,Qatar2022
Ivy__Croatia,FIFAWorldCup
Ivy__Croatia,Family
Ivy__Croatia,Vatreni
Ivy__Croatia,Family
Ivy__Croatia,Vatreni
Ivy__Croatia,FIFAWorldCup
Ivy__Croatia,Qatar2022
Ivy__Croatia,FIFAWorldCup
Ivy__Croatia,Qatar2022
Ivy__Croatia,Vatreni
Ivy__Croatia,FIFAWorldCup
Ivy__Croatia,Vatreni
Ivy__Croatia,FIFAWorldCup
Ivy__Croatia,Qatar2022
Ivy__Croatia,Vatreni
AusAmbCroatia,COP27
AusAmbCroatia,Croatia
AusAmbCroatia,FIFAWorldCup
AusAmbCroatia,FIFAWorldCup
AusAmbCroatia,FIFAWorldCup
CROTradwave,hrvatska
CROTradwave,hrvatska
CROTradwave,hrvatska
CROTradwave,Croatia
CROTradwave,FIFAWorldCup
CROTradwave,Qatar2022
CROTradwave,Vatreni
GamerBeastHD,F1
ninapranjic,Vatreni
SimGold,Ukraine
SimGold,Zagreb
SimGold,Ukraine
SimGold,Ukraine
SimGold,Ukraine
SimGold,crypto
SimGold,Zagreb
rapatitsfinest,WorldCup2022
rapatitsfinest,Croatia
mornar_ivica,Qatar2022
OrdoaleaP,art
cropirate,FIFAWorldCup
IKopric,Vukovar
IKopric,Croatia
IKopric,Vukovar
thealfredsource,Croatia
thealfredsource,WorldCup2022
thealfredsource,Croatia
thealfredsource,crypto
thealfredsource,FIFAWorldCup
thealfredsource,Vatreni
thealfredsource,crypto
Carmensagittary,Zagreb
ZaustavimoTTIP,COP27
PatrikRakic,FIFAWorldCup
PatrikRakic,Croatia
PatrikRakic,WorldCup
PatrikRakic,Family
PatrikRakic,Vatreni
PatrikRakic,FIFAWorldCup
PatrikRakic,FIFAWorldCup
PatrikRakic,Family
PatrikRakic,Vatreni
PatrikRakic,WorldCup2022
PatrikRakic,WorldCup2022
PatrikRakic,FIFAWorldCup
PatrikRakic,FIFAWorldCup
llandonorris,WorldCup2022
llandonorris,F1
llandonorris,F1
forcebook,croatia
forcebook,hrvatska
forcebook,Croatia
Hrky_18,Croatia
Hrky_18,WorldCup
Hrky_18,Family
Hrky_18,Vatreni
Hrky_18,WorldCup2022
Hrky_18,WorldCup2022
Hrky_18,WorldCup2022
Hrky_18,WorldCup2022
Hrky_18,FIFAWorldCup
Hrky_18,Qatar2022
Hrky_18,Croatia
Hrky_18,FIFAWorldCup
Hrky_18,Family
Hrky_18,Vatreni
Hrky_18,FIFAWorldCup
Hrky_18,Qatar2022
Hrky_18,WorldCup2022
Hrky_18,Qatar2022
Hrky_18,FIFAWorldCup
Hrky_18,FIFAWorldCup
Hrky_18,FIFAWorldCup
Hrky_18,FIFAWorldCup
Hrky_18,Croatia
Hrky_18,FIFAWorldCup
Hrky_18,Vatreni
Hrky_18,Croatia
Hrky_18,Family
Hrky_18,FIFAWorldCup
Hrky_18,FIFAWorldCup
Hrky_18,Qatar2022
VoiceofCroatia,croatia
VoiceofCroatia,Croatia
VoiceofCroatia,FIFAWorldCup
VoiceofCroatia,Qatar2022
VoiceofCroatia,FIFAWorldCup
VoiceofCroatia,Croatia
VoiceofCroatia,Qatar2022
VoiceofCroatia,FIFAWorldCup
RBorovecki,FIFAWorldCup
YellowYuri1,hrvatska
YellowYuri1,croatia
bejbeoy,F1
bejbeoy,F1
bejbeoy,FIFAWorldCup
bejbeoy,Qatar2022
bejbeoy,CROCAN
IvanBlazevic,COP27
ThunderSturm7,Qatar2022
Luka_199,Croatia
_andrej45,Vatreni
_andrej45,FIFAWorldCup
_andrej45,FIFAWorldCup
_andrej45,FIFAWorldCup
1ookica,Ukraine
HRenertrans,croatia
HRenertrans,croatia
HRenertrans,croatia
AnaAdamantium,photography
AnaAdamantium,photography
IvanaCS3,FIFAWorldCup
viborc,Ukraine
viborc,Croatia
viborc,Vukovar
viborc,FIFAWorldCup
viborc,Ukraine
viborc,Croatia
viborc,WorldCup
viborc,Vatreni
SaricComposer,art
spas031,Qatar2022
spas031,F1
spas031,Qatar2022
spas031,Qatar2022
spas031,WorldCup2022
spas031,Qatar2022
spas031,WorldCup2022
spas031,FIFAWorldCup
spas031,WorldCup2022
spas031,Qatar2022
spas031,WorldCup
spas031,FIFAWorldCup
spas031,WorldCup2022
spas031,FIFAWorldCup
spas031,WorldCup2022
spas031,FIFAWorldCup
spas031,FIFAWorldCup
spas031,Qatar2022
spas031,FIFAWorldCup
spas031,FIFAWorldCup
spas031,FIFAWorldCup
spas031,FIFAWorldCup
spas031,FIFAWorldCup
spas031,FIFAWorldCup
spas031,FIFAWorldCup
spas031,FIFAWorldCup
spas031,FIFAWorldCup
spas031,FIFAWorldCup
spas031,CROCAN
spas031,CROCAN
spas031,FIFAWorldCup
spas031,Qatar2022
spas031,FIFAWorldCup
spas031,croatia
spas031,FIFAWorldCup
spas031,FIFAWorldCup
spas031,FIFAWorldCup
spas031,FIFAWorldCup
GioGrlj,photography
D10SNJR1011,WorldCup2022
D10SNJR1011,Croatia
D10SNJR1011,WorldCup
D10SNJR1011,WorldCup
D10SNJR1011,WorldCup
D10SNJR1011,WorldCup
D10SNJR1011,WorldCup
D10SNJR1011,WorldCup
D10SNJR1011,Vatreni
D10SNJR1011,Vatreni
D10SNJR1011,Vatreni
D10SNJR1011,WorldCup
D10SNJR1011,WorldCup
D10SNJR1011,Vatreni
cryptopirlo,Bitcoin
cryptopirlo,Bitcoin
R3gzy,Croatia
R3gzy,WorldCup
R3gzy,Family
R3gzy,Vatreni
R3gzy,FIFAWorldCup
R3gzy,Qatar2022
R3gzy,FIFAWorldCup
gnkdinamo,hrvatska
gnkdinamo,hrvatska
gnkdinamo,FIFAWorldCup
gnkdinamo,Qatar2022
gnkdinamo,Croatia
gnkdinamo,Family
gnkdinamo,Vatreni
gnkdinamo,Croatia
gnkdinamo,FIFAWorldCup
gnkdinamo,Qatar2022
gnkdinamo,CROCAN
gnkdinamo,Family
gnkdinamo,Vatreni
gnkdinamo,Croatia
gnkdinamo,CROCAN
gnkdinamo,FIFAWorldCup
gnkdinamo,Qatar2022
gnkdinamo,Family
gnkdinamo,Vatreni
gnkdinamo,hrvatska
gnkdinamo,hrvatska
ivanhoe011,croatia
velimirgasp,crypto
PLinHrvatska,Qatar2022
PLinHrvatska,WorldCup2022
PLinHrvatska,WorldCup2022
PLinHrvatska,Qatar2022
PLinHrvatska,FIFAWorldCup
VladimirMosbah,F1
VladimirMosbah,FIFAWorldCup
VladimirMosbah,FIFAWorldCup
VladimirMosbah,FIFAWorldCup
VladimirMosbah,FIFAWorldCup
VladimirMosbah,FIFAWorldCup
VladimirMosbah,FIFAWorldCup
VladimirMosbah,FIFAWorldCup
VladimirMosbah,FIFAWorldCup
VladimirMosbah,FIFAWorldCup
VladimirMosbah,FIFAWorldCup
VladimirMosbah,FIFAWorldCup
VladimirMosbah,FIFAWorldCup
VladimirMosbah,FIFAWorldCup
VladimirMosbah,FIFAWorldCup
VladimirMosbah,FIFAWorldCup
VladimirMosbah,FIFAWorldCup
VladimirMosbah,FIFAWorldCup
VladimirMosbah,FIFAWorldCup
VladimirMosbah,FIFAWorldCup
VladimirMosbah,FIFAWorldCup
VladimirMosbah,FIFAWorldCup
VladimirMosbah,FIFAWorldCup
VladimirMosbah,FIFAWorldCup
VladimirMosbah,FIFAWorldCup
VladimirMosbah,FIFAWorldCup
VladimirMosbah,FIFAWorldCup
VladimirMosbah,FIFAWorldCup
VladimirMosbah,FIFAWorldCup
TSasyall,art
TSasyall,art
TSasyall,art
TSasyall,art
TSasyall,art
TSasyall,art
TSasyall,art
DavorBozinovic,Vatreni
rakijaaa,Bitcoin
mintsRH,Croatia
mintsRH,FIFAWorldCup
mintsRH,Family
mintsRH,Vatreni
mintsRH,Vatreni
mintsRH,FIFAWorldCup
mintsRH,Croatia
mintsRH,FIFAWorldCup
mintsRH,Family
mintsRH,Vatreni
mintsRH,Qatar2022
mintsRH,Croatia
mintsRH,FIFAWorldCup
mintsRH,Vatreni
mintsRH,Vatreni
mintsRH,CROCAN
mintsRH,FIFAWorldCup
mintsRH,Qatar2022
mintsRH,Family
mintsRH,Vatreni
mintsRH,Vatreni
mintsRH,CROCAN
mintsRH,FIFAWorldCup
mintsRH,Qatar2022
mintsRH,Family
mintsRH,Croatia
NBrnjac,Vatreni
NBrnjac,Vatreni
NBrnjac,Vatreni
NBrnjac,Croatia
NBrnjac,CROCAN
NBrnjac,FIFAWorldCup
NBrnjac,Qatar2022
NBrnjac,Family
NBrnjac,Vatreni
NBrnjac,Vatreni
NBrnjac,Family
butorscsv,FIFAWorldCup
butorscsv,FIFAWorldCup
butorscsv,FIFAWorldCup
butorscsv,FIFAWorldCup
butorscsv,FIFAWorldCup
butorscsv,FIFAWorldCup
butorscsv,FIFAWorldCup
butorscsv,FIFAWorldCup
BamfordThings,Croatia
BamfordThings,WorldCup
BamfordThings,Family
BamfordThings,Vatreni
JCvenic,FIFAWorldCup
MajdaMiloglav,Vukovar
MajdaMiloglav,Croatia
aftalyfehq,crypto
MikicVedran,Croatia
MikicVedran,WorldCup
MikicVedran,Family
MikicVedran,Vatreni
MikicVedran,WorldCup2022
MikicVedran,WorldCup2022
MikicVedran,Qatar2022
MikicVedran,WorldCup
MikicVedran,FIFAWorldCup
MikicVedran,Qatar2022
MikicVedran,Qatar2022
MikicVedran,FIFAWorldCup
MikicVedran,FIFAWorldCup
Mata_HS,FIFAWorldCup
KiseljakMarijan,croatia
KiseljakMarijan,WorldCup2022
Kath__K,FIFAWorldCup
Kath__K,Qatar2022
love_bangtanKoo,FIFAWorldCup
SZelenika,COP27
SZelenika,COP27
SZelenika,COP27
DavorNadi,Ukraine
dreampai1,FIFAWorldCup
dreampai1,Croatia
dreampai1,Qatar2022
denis_volaric,Bitcoin
denis_volaric,Bitcoin
denis_volaric,Bitcoin
anijaZam,COP27
capanigo,WorldCup
capanigo,Croatia
capanigo,Family
capanigo,Vatreni
capanigo,FIFAWorldCup
capanigo,FIFAWorldCup
capanigo,FIFAWorldCup
capanigo,FIFAWorldCup
capanigo,Croatia
capanigo,FIFAWorldCup
capanigo,FIFAWorldCup
capanigo,FIFAWorldCup
capanigo,Qatar2022
capanigo,FIFAWorldCup
capanigo,FIFAWorldCup
capanigo,FIFAWorldCup
capanigo,CROCAN
capanigo,CROCAN
capanigo,FIFAWorldCup
vekzdran,Zagreb
danielpikl,WorldCup
danielpikl,Qatar2022
gaming_porta,NFT
AdriaticIPP,Croatia
AdriaticIPP,Croatia
AdriaticIPP,Croatia
AdriaticIPP,Zagreb
AdriaticIPP,Croatia
AdriaticIPP,Zagreb
AdriaticIPP,Croatia
Elaxlol,Croatia
Elaxlol,WorldCup
Elaxlol,Family
Elaxlol,Vatreni
Vcryptobackpack,WorldCup
Vcryptobackpack,WorldCup
Vcryptobackpack,WorldCup2022
Vcryptobackpack,WorldCup
Vcryptobackpack,crypto
nebosky,Zagreb
nebosky,COP27
HDZ_HR,COP27
HDZ_HR,Ukraine
HDZ_HR,Vukovar
HDZ_HR,Ukraine
melosocvs,FIFAWorldCup
melosocvs,Qatar2022
CroatiaFooty,WorldCup2022
CroatiaFooty,Croatia
CroatiaFooty,WorldCup
CroatiaFooty,FIFAWorldCup
CroatiaFooty,Croatia
CroatiaFooty,WorldCup
CroatiaFooty,Family
CroatiaFooty,Vatreni
CroatiaFooty,Croatia
CroatiaFooty,WorldCup
CroatiaFooty,Family
CroatiaFooty,Vatreni
CroatiaFooty,Croatia
CroatiaFooty,WorldCup
CroatiaFooty,Family
CroatiaFooty,Vatreni
CroatiaFooty,Croatia
CroatiaFooty,WorldCup2022
CroatiaFooty,Croatia
CroatiaFooty,Family
CroatiaFooty,Vatreni
CroatiaFooty,Croatia
CroatiaFooty,FIFAWorldCup
CroatiaFooty,Family
CroatiaFooty,Vatreni
CroatiaFooty,FIFAWorldCup
CroatiaFooty,FIFAWorldCup
CroatiaFooty,FIFAWorldCup
CroatiaFooty,FIFAWorldCup
CroatiaFooty,FIFAWorldCup
CroatiaFooty,Croatia
CroatiaFooty,FIFAWorldCup
CroatiaFooty,Qatar2022
CroatiaFooty,Family
CroatiaFooty,Vatreni
CroatiaFooty,FIFAWorldCup
CroatiaFooty,FIFAWorldCup
CroatiaFooty,FIFAWorldCup
CroatiaFooty,FIFAWorldCup
CroatiaFooty,Vatreni
CroatiaFooty,FIFAWorldCup
CroatiaFooty,FIFAWorldCup
CroatiaFooty,Qatar2022
CroatiaFooty,FIFAWorldCup
CroatiaFooty,Vatreni
CroatiaFooty,Qatar2022
CroatiaFooty,FIFAWorldCup
CroatiaFooty,Qatar2022
CroatiaFooty,FIFAWorldCup
CroatiaFooty,Qatar2022
CroatiaFooty,FIFAWorldCup
CroatiaFooty,Vatreni
CroatiaFooty,Qatar2022
CroatiaFooty,FIFAWorldCup
CroatiaFooty,Qatar2022
CroatiaFooty,FIFAWorldCup
CroatiaFooty,Vatreni
CroatiaFooty,Qatar2022
CroatiaFooty,FIFAWorldCup
CroatiaFooty,Qatar2022
CroatiaFooty,FIFAWorldCup
CroatiaFooty,FIFAWorldCup
CroatiaFooty,Qatar2022
CroatiaFooty,FIFAWorldCup
CroatiaFooty,FIFAWorldCup
CroatiaFooty,Vatreni
CroatiaFooty,FIFAWorldCup
CroatiaFooty,Vatreni
CroatiaFooty,FIFAWorldCup
CroatiaFooty,Vatreni
CroatiaFooty,FIFAWorldCup
CroatiaFooty,Vatreni
CroatiaFooty,FIFAWorldCup
CroatiaFooty,Vatreni
CroatiaFooty,FIFAWorldCup
CroatiaFooty,Vatreni
CroatiaFooty,FIFAWorldCup
CroatiaFooty,Vatreni
CroatiaFooty,FIFAWorldCup
CroatiaFooty,Qatar2022
CroatiaFooty,FIFAWorldCup
CroatiaFooty,Vatreni
CroatiaFooty,FIFAWorldCup
CroatiaFooty,Vatreni
CroatiaFooty,Croatia
CroatiaFooty,FIFAWorldCup
CroatiaFooty,Qatar2022
CroatiaFooty,Family
CroatiaFooty,Vatreni
CroatiaFooty,FIFAWorldCup
CroatiaFooty,Vatreni
CroatiaFooty,FIFAWorldCup
CroatiaFooty,Qatar2022
CroatiaFooty,FIFAWorldCup
CroatiaFooty,FIFAWorldCup
CroatiaFooty,FIFAWorldCup
CroatiaFooty,FIFAWorldCup
CroatiaFooty,FIFAWorldCup
CroatiaFooty,FIFAWorldCup
CroatiaFooty,Vatreni
CroatiaFooty,FIFAWorldCup
CroatiaFooty,Vatreni
CroatiaFooty,FIFAWorldCup
CroatiaFooty,Vatreni
CroatiaFooty,FIFAWorldCup
CroatiaFooty,Qatar2022
CroatiaFooty,FIFAWorldCup
CroatiaFooty,Vatreni
CroatiaFooty,FIFAWorldCup
CroatiaFooty,Vatreni
CroatiaFooty,FIFAWorldCup
CroatiaFooty,Vatreni
CroatiaFooty,FIFAWorldCup
CroatiaFooty,Vatreni
CroatiaFooty,FIFAWorldCup
CroatiaFooty,Vatreni
CroatiaFooty,FIFAWorldCup
CroatiaFooty,FIFAWorldCup
CroatiaFooty,Qatar2022
CroatiaFooty,Family
CroatiaFooty,Vatreni
CroatiaFooty,FIFAWorldCup
CroatiaFooty,FIFAWorldCup
CroatiaFooty,FIFAWorldCup
CroatiaFooty,Vatreni
CroatiaFooty,FIFAWorldCup
CroatiaFooty,FIFAWorldCup
CroatiaFooty,FIFAWorldCup
CroatiaFooty,Vatreni
nada_magazin,croatia
nada_magazin,croatia
hrBritish,COP27
hrBritish,COP27
mrzli86,Croatia
mrzli86,WorldCup
mrzli86,Family
mrzli86,Vatreni
vatreni_token,croatia
vatreni_token,croatia
vatreni_token,croatia
vatreni_token,croatia
vatreni_token,hrvatska
vatreni_token,croatia
vatreni_token,hrvatska
vatreni_token,croatia
vatreni_token,hrvatska
vatreni_token,hrvatska
vatreni_token,hrvatska
vatreni_token,croatia
vatreni_token,WorldCup
vatreni_token,WorldCup2022
vatreni_token,FIFAWorldCup
vatreni_token,Qatar2022
vatreni_token,Vatreni
vatreni_token,Qatar2022
vatreni_token,FIFAWorldCup
vatreni_token,Vatreni
vatreni_token,FIFAWorldCup
vatreni_token,Qatar2022
vatreni_token,CROCAN
vatreni_token,Croatia
vatreni_token,Family
vatreni_token,Vatreni
vatreni_token,Bitcoin
vatreni_token,crypto
vatreni_token,Croatia
vatreni_token,FIFAWorldCup
vatreni_token,Qatar2022
vatreni_token,Family
vatreni_token,Vatreni
EndemicHrvoje,NFT
EndemicHrvoje,Croatia
EndemicHrvoje,croatia
EndemicHrvoje,NFT
EndemicHrvoje,Croatia
blackouthiphop,Zagreb
robi052,Zagreb
imagerle,COP27
imagerle,COP27
HDZmladez,Vukovar
HDZmladez,Vukovar
pippagallop,COP27
mircosich1,Zagreb
ivana_brekalo,Ukraine
Filip1150875308,art
ifsaracouldfly,FIFAWorldCup
ifsaracouldfly,FIFAWorldCup
ifsaracouldfly,Croatia
ifsaracouldfly,FIFAWorldCup
ifsaracouldfly,croatia
ifsaracouldfly,FIFAWorldCup
ifsaracouldfly,FIFAWorldCup
ifsaracouldfly,Croatia
ifsaracouldfly,FIFAWorldCup
ifsaracouldfly,Croatia
ifsaracouldfly,FIFAWorldCup
ifsaracouldfly,Croatia
ifsaracouldfly,FIFAWorldCup
ifsaracouldfly,Croatia
ifsaracouldfly,FIFAWorldCup
ifsaracouldfly,FIFAWorldCup
ifsaracouldfly,Vatreni
ifsaracouldfly,Croatia
ifsaracouldfly,Vatreni
ifsaracouldfly,FIFAWorldCup
ifsaracouldfly,FIFAWorldCup
ifsaracouldfly,FIFAWorldCup
sapiensapiens22,Ukraine
sapiensapiens22,FIFAWorldCup
sapiensapiens22,Ukraine
sapiensapiens22,Ukraine
lfcmxr,FIFAWorldCup
lfcmxr,FIFAWorldCup
inafgyahoocom1,Vukovar
inafgyahoocom1,Vukovar
inafgyahoocom1,Vukovar
inafgyahoocom1,F1
inafgyahoocom1,Vukovar
inafgyahoocom1,Croatia
inafgyahoocom1,FIFAWorldCup
inafgyahoocom1,Qatar2022
inafgyahoocom1,Vatreni
inafgyahoocom1,FIFAWorldCup
inafgyahoocom1,Vatreni
inafgyahoocom1,CROCAN
inafgyahoocom1,FIFAWorldCup
inafgyahoocom1,Vatreni
HNS_CFF,Croatia
HNS_CFF,WorldCup
HNS_CFF,Family
HNS_CFF,Vatreni
HNS_CFF,Vatreni
HNS_CFF,Croatia
HNS_CFF,WorldCup
HNS_CFF,Family
HNS_CFF,Vatreni
HNS_CFF,Croatia
HNS_CFF,Family
HNS_CFF,Vatreni
HNS_CFF,Croatia
HNS_CFF,Family
HNS_CFF,Vatreni
HNS_CFF,Croatia
HNS_CFF,Family
HNS_CFF,Croatia
HNS_CFF,WorldCup
HNS_CFF,Family
HNS_CFF,Vatreni
HNS_CFF,WorldCup
HNS_CFF,Vatreni
HNS_CFF,Croatia
HNS_CFF,Family
HNS_CFF,Family
HNS_CFF,Vatreni
HNS_CFF,Croatia
HNS_CFF,WorldCup
HNS_CFF,Family
HNS_CFF,Vatreni
HNS_CFF,WorldCup
HNS_CFF,Vatreni
HNS_CFF,Vatreni
HNS_CFF,WorldCup
HNS_CFF,Croatia
HNS_CFF,Family
HNS_CFF,Vatreni
HNS_CFF,WorldCup
HNS_CFF,Family
HNS_CFF,Vatreni
HNS_CFF,Croatia
HNS_CFF,Family
HNS_CFF,Vatreni
HNS_CFF,Croatia
HNS_CFF,Family
HNS_CFF,Croatia
HNS_CFF,WorldCup
HNS_CFF,Family
HNS_CFF,Vatreni
HNS_CFF,FIFAWorldCup
HNS_CFF,Croatia
HNS_CFF,Family
HNS_CFF,Vatreni
HNS_CFF,WorldCup
HNS_CFF,Croatia
HNS_CFF,Family
HNS_CFF,Vatreni
HNS_CFF,Croatia
HNS_CFF,WorldCup
HNS_CFF,Family
HNS_CFF,Vatreni
HNS_CFF,Croatia
HNS_CFF,WorldCup
HNS_CFF,Family
HNS_CFF,Vatreni
HNS_CFF,Croatia
HNS_CFF,WorldCup
HNS_CFF,Family
HNS_CFF,Vatreni
HNS_CFF,Croatia
HNS_CFF,WorldCup
HNS_CFF,Family
HNS_CFF,Vatreni
HNS_CFF,Croatia
HNS_CFF,Family
HNS_CFF,Vatreni
HNS_CFF,Croatia
HNS_CFF,WorldCup
HNS_CFF,Family
HNS_CFF,Vatreni
HNS_CFF,Vatreni
HNS_CFF,Vatreni
HNS_CFF,Vatreni
HNS_CFF,Croatia
HNS_CFF,WorldCup
HNS_CFF,Family
HNS_CFF,Vatreni
HNS_CFF,Croatia
HNS_CFF,WorldCup
HNS_CFF,Family
HNS_CFF,Vatreni
HNS_CFF,WorldCup
HNS_CFF,Vatreni
HNS_CFF,Croatia
HNS_CFF,Family
HNS_CFF,Vatreni
HNS_CFF,Croatia
HNS_CFF,Qatar2022
HNS_CFF,FIFAWorldCup
HNS_CFF,Croatia
HNS_CFF,WorldCup
HNS_CFF,Family
HNS_CFF,Vatreni
HNS_CFF,Croatia
HNS_CFF,WorldCup
HNS_CFF,Family
HNS_CFF,Vatreni
HNS_CFF,Croatia
HNS_CFF,WorldCup
HNS_CFF,Family
HNS_CFF,Vatreni
HNS_CFF,WorldCup
HNS_CFF,Croatia
HNS_CFF,Family
HNS_CFF,Vatreni
HNS_CFF,Croatia
HNS_CFF,WorldCup
HNS_CFF,Family
HNS_CFF,Vatreni
HNS_CFF,Croatia
HNS_CFF,WorldCup
HNS_CFF,Family
HNS_CFF,Vatreni
HNS_CFF,Croatia
HNS_CFF,WorldCup
HNS_CFF,Family
HNS_CFF,Vatreni
HNS_CFF,Croatia
HNS_CFF,WorldCup
HNS_CFF,Family
HNS_CFF,Vatreni
HNS_CFF,Croatia
HNS_CFF,WorldCup
HNS_CFF,Family
HNS_CFF,Vatreni
HNS_CFF,Croatia
HNS_CFF,WorldCup
HNS_CFF,Family
HNS_CFF,Vatreni
HNS_CFF,Croatia
HNS_CFF,WorldCup
HNS_CFF,Family
HNS_CFF,Vatreni
HNS_CFF,Croatia
HNS_CFF,Vatreni
HNS_CFF,WorldCup
HNS_CFF,Family
HNS_CFF,WorldCup
HNS_CFF,WorldCup
HNS_CFF,Vatreni
HNS_CFF,Croatia
HNS_CFF,Family
HNS_CFF,Croatia
HNS_CFF,WorldCup
HNS_CFF,Family
HNS_CFF,Vatreni
HNS_CFF,Croatia
HNS_CFF,WorldCup
HNS_CFF,Family
HNS_CFF,Vatreni
HNS_CFF,Croatia
HNS_CFF,WorldCup
HNS_CFF,Family
HNS_CFF,Vatreni
HNS_CFF,Croatia
HNS_CFF,Vatreni
HNS_CFF,Vatreni
HNS_CFF,Croatia
HNS_CFF,WorldCup
HNS_CFF,Family
HNS_CFF,Vatreni
HNS_CFF,Croatia
HNS_CFF,Family
HNS_CFF,Vatreni
HNS_CFF,Family
HNS_CFF,Vatreni
HNS_CFF,Croatia
HNS_CFF,Family
HNS_CFF,WorldCup
HNS_CFF,Vatreni
HNS_CFF,Croatia
HNS_CFF,WorldCup
HNS_CFF,Family
HNS_CFF,Vatreni
HNS_CFF,WorldCup
HNS_CFF,Family
HNS_CFF,Vatreni
HNS_CFF,Family
HNS_CFF,Vatreni
HNS_CFF,Croatia
HNS_CFF,Family
HNS_CFF,Croatia
HNS_CFF,Family
HNS_CFF,Vatreni
HNS_CFF,Croatia
HNS_CFF,WorldCup
HNS_CFF,Vatreni
HNS_CFF,Family
HNS_CFF,Vatreni
HNS_CFF,Croatia
HNS_CFF,Family
HNS_CFF,Vatreni
HNS_CFF,Croatia
HNS_CFF,Family
HNS_CFF,Vatreni
HNS_CFF,Croatia
HNS_CFF,Family
HNS_CFF,Vatreni
HNS_CFF,Croatia
HNS_CFF,Family
HNS_CFF,Vatreni
HNS_CFF,Vatreni
HNS_CFF,Croatia
HNS_CFF,Family
HNS_CFF,Vatreni
HNS_CFF,Croatia
HNS_CFF,Family
HNS_CFF,Vatreni
HNS_CFF,Vatreni
HNS_CFF,Vatreni
HNS_CFF,Croatia
HNS_CFF,Family
HNS_CFF,Vatreni
HNS_CFF,Vatreni
HNS_CFF,Vatreni
HNS_CFF,Croatia
HNS_CFF,Family
HNS_CFF,Vatreni
HNS_CFF,Croatia
HNS_CFF,WorldCup
HNS_CFF,Family
HNS_CFF,Vatreni
HNS_CFF,Croatia
HNS_CFF,Family
HNS_CFF,Vatreni
HNS_CFF,Family
HNS_CFF,Vatreni
HNS_CFF,FIFAWorldCup
HNS_CFF,Qatar2022
HNS_CFF,Family
HNS_CFF,Vatreni
HNS_CFF,Croatia
HNS_CFF,WorldCup
HNS_CFF,Family
HNS_CFF,Vatreni
HNS_CFF,Croatia
HNS_CFF,Vatreni
HNS_CFF,FIFAWorldCup
HNS_CFF,Qatar2022
HNS_CFF,WorldCup
HNS_CFF,Vatreni
HNS_CFF,Croatia
HNS_CFF,Family
HNS_CFF,Vatreni
HNS_CFF,Croatia
HNS_CFF,Family
HNS_CFF,Vatreni
HNS_CFF,Vatreni
HNS_CFF,Croatia
HNS_CFF,Family
HNS_CFF,Vatreni
HNS_CFF,Croatia
HNS_CFF,Family
HNS_CFF,Vatreni
HNS_CFF,Croatia
HNS_CFF,Family
HNS_CFF,Croatia
HNS_CFF,Family
HNS_CFF,Vatreni
HNS_CFF,Family
HNS_CFF,Vatreni
HNS_CFF,WorldCup
HNS_CFF,Vatreni
HNS_CFF,Croatia
HNS_CFF,WorldCup
HNS_CFF,Family
HNS_CFF,Vatreni
HNS_CFF,Croatia
HNS_CFF,Family
HNS_CFF,Croatia
HNS_CFF,WorldCup
HNS_CFF,Family
HNS_CFF,Vatreni
HNS_CFF,WorldCup
HNS_CFF,Croatia
HNS_CFF,Family
HNS_CFF,Vatreni
HNS_CFF,Croatia
HNS_CFF,Family
HNS_CFF,Vatreni
HNS_CFF,WorldCup
HNS_CFF,Croatia
HNS_CFF,Vatreni
HNS_CFF,Croatia
HNS_CFF,WorldCup
HNS_CFF,Family
HNS_CFF,Vatreni
HNS_CFF,Family
HNS_CFF,Croatia
HNS_CFF,WorldCup
HNS_CFF,Vatreni
HNS_CFF,FIFAWorldCup
HNS_CFF,Family
HNS_CFF,Vatreni
HNS_CFF,FIFAWorldCup
HNS_CFF,Family
HNS_CFF,Vatreni
HNS_CFF,FIFAWorldCup
HNS_CFF,Vatreni
HNS_CFF,Croatia
HNS_CFF,FIFAWorldCup
HNS_CFF,Family
HNS_CFF,Vatreni
HNS_CFF,Croatia
HNS_CFF,FIFAWorldCup
HNS_CFF,Family
HNS_CFF,Vatreni
HNS_CFF,FIFAWorldCup
HNS_CFF,Vatreni
HNS_CFF,Croatia
HNS_CFF,FIFAWorldCup
HNS_CFF,Family
HNS_CFF,Vatreni
HNS_CFF,FIFAWorldCup
HNS_CFF,Family
HNS_CFF,Vatreni
HNS_CFF,FIFAWorldCup
HNS_CFF,FIFAWorldCup
HNS_CFF,Vatreni
HNS_CFF,FIFAWorldCup
HNS_CFF,Vatreni
HNS_CFF,Croatia
HNS_CFF,FIFAWorldCup
HNS_CFF,Family
HNS_CFF,Vatreni
HNS_CFF,Croatia
HNS_CFF,FIFAWorldCup
HNS_CFF,Family
HNS_CFF,Vatreni
HNS_CFF,Croatia
HNS_CFF,FIFAWorldCup
HNS_CFF,Family
HNS_CFF,Vatreni
HNS_CFF,Croatia
HNS_CFF,Vatreni
HNS_CFF,Croatia
HNS_CFF,FIFAWorldCup
HNS_CFF,Family
HNS_CFF,Vatreni
HNS_CFF,Croatia
HNS_CFF,FIFAWorldCup
HNS_CFF,Qatar2022
HNS_CFF,FIFAWorldCup
HNS_CFF,Croatia
HNS_CFF,Family
HNS_CFF,FIFAWorldCup
HNS_CFF,Croatia
HNS_CFF,Family
HNS_CFF,Vatreni
HNS_CFF,FIFAWorldCup
HNS_CFF,Vatreni
HNS_CFF,Croatia
HNS_CFF,FIFAWorldCup
HNS_CFF,Family
HNS_CFF,Vatreni
HNS_CFF,FIFAWorldCup
HNS_CFF,Croatia
HNS_CFF,Family
HNS_CFF,Vatreni
HNS_CFF,FIFAWorldCup
HNS_CFF,Croatia
HNS_CFF,Family
HNS_CFF,Vatreni
HNS_CFF,FIFAWorldCup
HNS_CFF,Croatia
HNS_CFF,Family
HNS_CFF,Vatreni
HNS_CFF,FIFAWorldCup
HNS_CFF,FIFAWorldCup
HNS_CFF,Family
HNS_CFF,Croatia
HNS_CFF,Qatar2022
HNS_CFF,FIFAWorldCup
HNS_CFF,Vatreni
HNS_CFF,Family
HNS_CFF,Vatreni
HNS_CFF,FIFAWorldCup
HNS_CFF,Qatar2022
HNS_CFF,Croatia
HNS_CFF,FIFAWorldCup
HNS_CFF,Qatar2022
HNS_CFF,Family
HNS_CFF,Vatreni
HNS_CFF,Vatreni
HNS_CFF,FIFAWorldCup
HNS_CFF,Qatar2022
HNS_CFF,Croatia
HNS_CFF,FIFAWorldCup
HNS_CFF,Qatar2022
HNS_CFF,Family
HNS_CFF,Vatreni
HNS_CFF,FIFAWorldCup
HNS_CFF,Qatar2022
HNS_CFF,Family
HNS_CFF,Vatreni
HNS_CFF,FIFAWorldCup
HNS_CFF,Qatar2022
HNS_CFF,Qatar2022
HNS_CFF,Croatia
HNS_CFF,FIFAWorldCup
HNS_CFF,Family
HNS_CFF,Vatreni
HNS_CFF,Croatia
HNS_CFF,FIFAWorldCup
HNS_CFF,Vatreni
HNS_CFF,FIFAWorldCup
HNS_CFF,Croatia
HNS_CFF,Family
HNS_CFF,Vatreni
HNS_CFF,Vatreni
HNS_CFF,FIFAWorldCup
HNS_CFF,Qatar2022
HNS_CFF,Vatreni
HNS_CFF,Qatar2022
HNS_CFF,Croatia
HNS_CFF,FIFAWorldCup
HNS_CFF,Family
HNS_CFF,Vatreni
HNS_CFF,FIFAWorldCup
HNS_CFF,Croatia
HNS_CFF,Qatar2022
HNS_CFF,Family
HNS_CFF,Vatreni
HNS_CFF,FIFAWorldCup
HNS_CFF,Qatar2022
HNS_CFF,Family
HNS_CFF,Vatreni
HNS_CFF,Croatia
HNS_CFF,Family
HNS_CFF,Vatreni
HNS_CFF,FIFAWorldCup
HNS_CFF,Qatar2022
HNS_CFF,Croatia
HNS_CFF,Family
HNS_CFF,Vatreni
HNS_CFF,Croatia
HNS_CFF,Family
HNS_CFF,Croatia
HNS_CFF,FIFAWorldCup
HNS_CFF,Qatar2022
HNS_CFF,Family
HNS_CFF,Vatreni
HNS_CFF,Vatreni
HNS_CFF,Family
HNS_CFF,Vatreni
HNS_CFF,FIFAWorldCup
HNS_CFF,Qatar2022
HNS_CFF,FIFAWorldCup
HNS_CFF,Qatar2022
HNS_CFF,Vatreni
HNS_CFF,Croatia
HNS_CFF,FIFAWorldCup
HNS_CFF,Family
HNS_CFF,Vatreni
HNS_CFF,Croatia
HNS_CFF,Family
HNS_CFF,Vatreni
HNS_CFF,FIFAWorldCup
HNS_CFF,Qatar2022
HNS_CFF,FIFAWorldCup
HNS_CFF,Vatreni
HNS_CFF,Croatia
HNS_CFF,FIFAWorldCup
HNS_CFF,Qatar2022
HNS_CFF,Family
HNS_CFF,Vatreni
HNS_CFF,Family
HNS_CFF,Vatreni
HNS_CFF,FIFAWorldCup
HNS_CFF,Qatar2022
HNS_CFF,Croatia
HNS_CFF,Qatar2022
HNS_CFF,Family
HNS_CFF,FIFAWorldCup
HNS_CFF,Vatreni
HNS_CFF,FIFAWorldCup
HNS_CFF,Qatar2022
HNS_CFF,Vatreni
HNS_CFF,FIFAWorldCup
HNS_CFF,Qatar2022
HNS_CFF,Vatreni
HNS_CFF,Croatia
HNS_CFF,Family
HNS_CFF,Croatia
HNS_CFF,FIFAWorldCup
HNS_CFF,Qatar2022
HNS_CFF,Vatreni
HNS_CFF,FIFAWorldCup
HNS_CFF,Qatar2022
HNS_CFF,Croatia
HNS_CFF,Family
HNS_CFF,Vatreni
HNS_CFF,FIFAWorldCup
HNS_CFF,Qatar2022
HNS_CFF,Croatia
HNS_CFF,FIFAWorldCup
HNS_CFF,Qatar2022
HNS_CFF,Vatreni
HNS_CFF,FIFAWorldCup
HNS_CFF,Qatar2022
HNS_CFF,Vatreni
HNS_CFF,FIFAWorldCup
HNS_CFF,Qatar2022
HNS_CFF,Vatreni
HNS_CFF,Vatreni
HNS_CFF,FIFAWorldCup
HNS_CFF,Qatar2022
HNS_CFF,Vatreni
HNS_CFF,FIFAWorldCup
HNS_CFF,Qatar2022
HNS_CFF,Croatia
HNS_CFF,Family
HNS_CFF,Vatreni
HNS_CFF,Croatia
HNS_CFF,Vatreni
HNS_CFF,FIFAWorldCup
HNS_CFF,Qatar2022
HNS_CFF,Croatia
HNS_CFF,FIFAWorldCup
HNS_CFF,Qatar2022
HNS_CFF,Vatreni
HNS_CFF,Croatia
HNS_CFF,FIFAWorldCup
HNS_CFF,Qatar2022
HNS_CFF,Family
HNS_CFF,Vatreni
HNS_CFF,Croatia
HNS_CFF,FIFAWorldCup
HNS_CFF,Family
HNS_CFF,Vatreni
HNS_CFF,Qatar2022
HNS_CFF,FIFAWorldCup
HNS_CFF,Qatar2022
HNS_CFF,Family
HNS_CFF,Vatreni
HNS_CFF,Croatia
HNS_CFF,Family
HNS_CFF,Vatreni
HNS_CFF,FIFAWorldCup
HNS_CFF,Qatar2022
HNS_CFF,FIFAWorldCup
HNS_CFF,Qatar2022
HNS_CFF,Croatia
HNS_CFF,Family
HNS_CFF,Vatreni
HNS_CFF,FIFAWorldCup
HNS_CFF,Qatar2022
HNS_CFF,Croatia
HNS_CFF,Family
HNS_CFF,Vatreni
HNS_CFF,Croatia
HNS_CFF,FIFAWorldCup
HNS_CFF,Qatar2022
HNS_CFF,Croatia
HNS_CFF,Family
HNS_CFF,Vatreni
HNS_CFF,FIFAWorldCup
HNS_CFF,Vatreni
HNS_CFF,FIFAWorldCup
HNS_CFF,Vatreni
HNS_CFF,FIFAWorldCup
HNS_CFF,Qatar2022
HNS_CFF,Vatreni
HNS_CFF,FIFAWorldCup
HNS_CFF,Vatreni
HNS_CFF,FIFAWorldCup
HNS_CFF,Vatreni
HNS_CFF,FIFAWorldCup
HNS_CFF,Vatreni
HNS_CFF,FIFAWorldCup
HNS_CFF,Vatreni
HNS_CFF,FIFAWorldCup
HNS_CFF,Vatreni
HNS_CFF,Croatia
HNS_CFF,FIFAWorldCup
HNS_CFF,Qatar2022
HNS_CFF,Family
HNS_CFF,Vatreni
HNS_CFF,FIFAWorldCup
HNS_CFF,Qatar2022
HNS_CFF,Croatia
HNS_CFF,Family
HNS_CFF,Vatreni
HNS_CFF,Croatia
HNS_CFF,FIFAWorldCup
HNS_CFF,Vatreni
HNS_CFF,Croatia
HNS_CFF,FIFAWorldCup
HNS_CFF,Qatar2022
HNS_CFF,Family
HNS_CFF,Vatreni
HNS_CFF,Croatia
HNS_CFF,FIFAWorldCup
HNS_CFF,Qatar2022
HNS_CFF,Vatreni
HNS_CFF,FIFAWorldCup
HNS_CFF,Qatar2022
HNS_CFF,Vatreni
HNS_CFF,FIFAWorldCup
HNS_CFF,Qatar2022
HNS_CFF,Vatreni
HNS_CFF,FIFAWorldCup
HNS_CFF,Qatar2022
HNS_CFF,Vatreni
HNS_CFF,FIFAWorldCup
HNS_CFF,Family
HNS_CFF,Vatreni
HNS_CFF,FIFAWorldCup
HNS_CFF,Vatreni
HNS_CFF,Qatar2022
HNS_CFF,Croatia
HNS_CFF,FIFAWorldCup
HNS_CFF,Vatreni
HNS_CFF,Croatia
HNS_CFF,Family
HNS_CFF,Family
HNS_CFF,Vatreni
HNS_CFF,FIFAWorldCup
HNS_CFF,Qatar2022
HNS_CFF,FIFAWorldCup
HNS_CFF,Qatar2022
HNS_CFF,Vatreni
HNS_CFF,FIFAWorldCup
HNS_CFF,Qatar2022
HNS_CFF,Vatreni
HNS_CFF,FIFAWorldCup
HNS_CFF,Vatreni
HNS_CFF,Qatar2022
HNS_CFF,FIFAWorldCup
HNS_CFF,Vatreni
HNS_CFF,Qatar2022
HNS_CFF,Croatia
HNS_CFF,FIFAWorldCup
HNS_CFF,Qatar2022
HNS_CFF,Vatreni
HNS_CFF,FIFAWorldCup
HNS_CFF,Qatar2022
HNS_CFF,Vatreni
HNS_CFF,Croatia
HNS_CFF,Family
HNS_CFF,FIFAWorldCup
HNS_CFF,Qatar2022
HNS_CFF,Vatreni
HNS_CFF,FIFAWorldCup
HNS_CFF,Vatreni
HNS_CFF,Croatia
HNS_CFF,FIFAWorldCup
HNS_CFF,Qatar2022
HNS_CFF,Family
HNS_CFF,Vatreni
HNS_CFF,FIFAWorldCup
HNS_CFF,Qatar2022
HNS_CFF,Vatreni
HNS_CFF,FIFAWorldCup
HNS_CFF,Qatar2022
HNS_CFF,Family
HNS_CFF,Vatreni
HNS_CFF,Family
HNS_CFF,Vatreni
HNS_CFF,FIFAWorldCup
HNS_CFF,Qatar2022
HNS_CFF,FIFAWorldCup
HNS_CFF,Qatar2022
HNS_CFF,Vatreni
HNS_CFF,Croatia
HNS_CFF,FIFAWorldCup
HNS_CFF,Qatar2022
HNS_CFF,Family
HNS_CFF,Vatreni
HNS_CFF,Family
HNS_CFF,Vatreni
HNS_CFF,FIFAWorldCup
HNS_CFF,Vatreni
HNS_CFF,Croatia
HNS_CFF,FIFAWorldCup
HNS_CFF,Croatia
HNS_CFF,FIFAWorldCup
HNS_CFF,Qatar2022
HNS_CFF,Vatreni
HNS_CFF,Croatia
HNS_CFF,FIFAWorldCup
HNS_CFF,Qatar2022
HNS_CFF,Family
HNS_CFF,Vatreni
HNS_CFF,Vatreni
HNS_CFF,FIFAWorldCup
HNS_CFF,Qatar2022
HNS_CFF,Family
HNS_CFF,Vatreni
HNS_CFF,FIFAWorldCup
HNS_CFF,Qatar2022
HNS_CFF,Family
HNS_CFF,Vatreni
HNS_CFF,Croatia
HNS_CFF,FIFAWorldCup
HNS_CFF,Qatar2022
HNS_CFF,CROCAN
HNS_CFF,Family
HNS_CFF,Vatreni
HNS_CFF,FIFAWorldCup
HNS_CFF,Family
HNS_CFF,Vatreni
HNS_CFF,Qatar2022
HNS_CFF,Family
HNS_CFF,Vatreni
HNS_CFF,FIFAWorldCup
HNS_CFF,Qatar2022
HNS_CFF,Croatia
HNS_CFF,FIFAWorldCup
HNS_CFF,Qatar2022
HNS_CFF,Vatreni
HNS_CFF,Croatia
HNS_CFF,Family
HNS_CFF,Vatreni
HNS_CFF,FIFAWorldCup
HNS_CFF,Qatar2022
HNS_CFF,Croatia
HNS_CFF,CROCAN
HNS_CFF,FIFAWorldCup
HNS_CFF,Qatar2022
HNS_CFF,Family
HNS_CFF,Vatreni
HNS_CFF,CROCAN
HNS_CFF,FIFAWorldCup
HNS_CFF,Vatreni
HNS_CFF,CROCAN
HNS_CFF,FIFAWorldCup
HNS_CFF,Qatar2022
HNS_CFF,Vatreni
HNS_CFF,CROCAN
HNS_CFF,FIFAWorldCup
HNS_CFF,Qatar2022
HNS_CFF,Family
HNS_CFF,Vatreni
HNS_CFF,CROCAN
HNS_CFF,FIFAWorldCup
HNS_CFF,Vatreni
HNS_CFF,CROCAN
HNS_CFF,FIFAWorldCup
HNS_CFF,Qatar2022
HNS_CFF,Family
HNS_CFF,Vatreni
HNS_CFF,CROCAN
HNS_CFF,FIFAWorldCup
HNS_CFF,Vatreni
HNS_CFF,CROCAN
HNS_CFF,FIFAWorldCup
HNS_CFF,Qatar2022
HNS_CFF,Family
HNS_CFF,Vatreni
HNS_CFF,Croatia
HNS_CFF,CROCAN
HNS_CFF,FIFAWorldCup
HNS_CFF,Qatar2022
HNS_CFF,Family
HNS_CFF,Vatreni
HNS_CFF,Croatia
HNS_CFF,CROCAN
HNS_CFF,FIFAWorldCup
HNS_CFF,Qatar2022
HNS_CFF,Family
HNS_CFF,Vatreni
HNS_CFF,CROCAN
HNS_CFF,FIFAWorldCup
HNS_CFF,Vatreni
HNS_CFF,CROCAN
HNS_CFF,FIFAWorldCup
HNS_CFF,Vatreni
HNS_CFF,CROCAN
HNS_CFF,FIFAWorldCup
HNS_CFF,Vatreni
HNS_CFF,Croatia
HNS_CFF,CROCAN
HNS_CFF,FIFAWorldCup
HNS_CFF,Qatar2022
HNS_CFF,Family
HNS_CFF,Vatreni
HNS_CFF,CROCAN
HNS_CFF,FIFAWorldCup
HNS_CFF,Vatreni
HNS_CFF,CROCAN
HNS_CFF,FIFAWorldCup
HNS_CFF,Vatreni
HNS_CFF,CROCAN
HNS_CFF,FIFAWorldCup
HNS_CFF,Vatreni
HNS_CFF,CROCAN
HNS_CFF,FIFAWorldCup
HNS_CFF,Qatar2022
HNS_CFF,Family
HNS_CFF,Vatreni
HNS_CFF,Vatreni
HNS_CFF,CROCAN
HNS_CFF,FIFAWorldCup
HNS_CFF,Qatar2022
HNS_CFF,Family
HNS_CFF,Croatia
HNS_CFF,CROCAN
HNS_CFF,FIFAWorldCup
HNS_CFF,Qatar2022
HNS_CFF,Family
HNS_CFF,Vatreni
HNS_CFF,Vatreni
HNS_CFF,FIFAWorldCup
HNS_CFF,Qatar2022
HNS_CFF,Croatia
HNS_CFF,Family
HNS_CFF,Vatreni
HNS_CFF,FIFAWorldCup
HNS_CFF,Qatar2022
HNS_CFF,Croatia
HNS_CFF,Family
HNS_CFF,CROCAN
HNS_CFF,FIFAWorldCup
HNS_CFF,Qatar2022
HNS_CFF,Family
HNS_CFF,Vatreni
HNS_CFF,Croatia
HNS_CFF,CROCAN
HNS_CFF,FIFAWorldCup
HNS_CFF,Qatar2022
HNS_CFF,Family
HNS_CFF,Vatreni
HNS_CFF,CROCAN
HNS_CFF,FIFAWorldCup
HNS_CFF,Family
HNS_CFF,Vatreni
HNS_CFF,FIFAWorldCup
HNS_CFF,Family
HNS_CFF,Vatreni
HNS_CFF,FIFAWorldCup
HNS_CFF,Qatar2022
HNS_CFF,Family
HNS_CFF,Vatreni
HNS_CFF,FIFAWorldCup
HNS_CFF,Qatar2022
HNS_CFF,Family
HNS_CFF,Vatreni
HNS_CFF,FIFAWorldCup
HNS_CFF,Qatar2022
HNS_CFF,Family
HNS_CFF,Vatreni
HNS_CFF,FIFAWorldCup
HNS_CFF,Family
HNS_CFF,Vatreni
HNS_CFF,FIFAWorldCup
HNS_CFF,Vatreni
HNS_CFF,Family
HNS_CFF,Vatreni
HNS_CFF,FIFAWorldCup
HNS_CFF,Qatar2022
HNS_CFF,FIFAWorldCup
HNS_CFF,Family
HNS_CFF,Vatreni
HNS_CFF,Vatreni
HNS_CFF,FIFAWorldCup
HNS_CFF,Qatar2022
HNS_CFF,FIFAWorldCup
HNS_CFF,Family
HNS_CFF,Vatreni
HNS_CFF,Croatia
HNS_CFF,FIFAWorldCup
HNS_CFF,Qatar2022
HNS_CFF,Vatreni
HNS_CFF,FIFAWorldCup
HNS_CFF,Family
HNS_CFF,Vatreni
HNS_CFF,FIFAWorldCup
HNS_CFF,Qatar2022
HNS_CFF,Vatreni
HNS_CFF,Family
HNS_CFF,Vatreni
HNS_CFF,FIFAWorldCup
HNS_CFF,Qatar2022
HNS_CFF,FIFAWorldCup
HNS_CFF,FIFAWorldCup
HNS_CFF,Vatreni
HNS_CFF,Family
HNS_CFF,FIFAWorldCup
HNS_CFF,Vatreni
HNS_CFF,FIFAWorldCup
HNS_CFF,Vatreni
HNS_CFF,FIFAWorldCup
HNS_CFF,Qatar2022
HNS_CFF,Vatreni
HNS_CFF,Croatia
HNS_CFF,Family
HNS_CFF,Vatreni
HNS_CFF,Croatia
HNS_CFF,FIFAWorldCup
HNS_CFF,Family
HNS_CFF,Vatreni
HNS_CFF,FIFAWorldCup
HNS_CFF,Qatar2022
HNS_CFF,Vatreni
HNS_CFF,FIFAWorldCup
HNS_CFF,Family
HNS_CFF,Vatreni
HNS_CFF,FIFAWorldCup
HNS_CFF,Vatreni
HNS_CFF,FIFAWorldCup
HNS_CFF,Vatreni
HNS_CFF,Family
HNS_CFF,Vatreni
HNS_CFF,Croatia
HNS_CFF,FIFAWorldCup
HNS_CFF,Vatreni
HNS_CFF,FIFAWorldCup
HNS_CFF,Vatreni
HNS_CFF,Croatia
HNS_CFF,FIFAWorldCup
HNS_CFF,Family
HNS_CFF,Vatreni
HNS_CFF,Croatia
HNS_CFF,FIFAWorldCup
HNS_CFF,Family
HNS_CFF,Vatreni
HNS_CFF,FIFAWorldCup
HNS_CFF,Family
HNS_CFF,Vatreni
HNS_CFF,Croatia
HNS_CFF,FIFAWorldCup
HNS_CFF,Qatar2022
HNS_CFF,Family
HNS_CFF,Vatreni
HNS_CFF,Croatia
HNS_CFF,FIFAWorldCup
HNS_CFF,Vatreni
HNS_CFF,FIFAWorldCup
HNS_CFF,Vatreni
HNS_CFF,FIFAWorldCup
HNS_CFF,Qatar2022
HNS_CFF,Family
HNS_CFF,Vatreni
HNS_CFF,FIFAWorldCup
HNS_CFF,Vatreni
HNS_CFF,FIFAWorldCup
HNS_CFF,Qatar2022
HNS_CFF,Vatreni
HNS_CFF,FIFAWorldCup
HNS_CFF,Vatreni
HNS_CFF,FIFAWorldCup
HNS_CFF,Qatar2022
HNS_CFF,Vatreni
gookiebts,FIFAWorldCup
gookiebts,WorldCup2022
sanja_ps,Croatia
migafreeman,Bitcoin
Sinisa_C_,FIFAWorldCup
Mmatejci,Croatia
mmoneymase19,FIFAWorldCup
mmoneymase19,Qatar2022
matejdugi,WorldCup2022
matejdugi,Vatreni
zharjac,crypto
zharjac,crypto
zharjac,NFT
zharjac,crypto
zharjac,Zagreb
zharjac,crypto
zharjac,crypto
zharjac,NFT
227gaming,WorldCup2022
227gaming,WorldCup2022
227gaming,WorldCup2022
227gaming,FIFAWorldCup
227gaming,FIFAWorldCup
227gaming,WorldCup2022
227gaming,FIFAWorldCup
227gaming,FIFAWorldCup
227gaming,FIFAWorldCup
227gaming,FIFAWorldCup
227gaming,FIFAWorldCup
227gaming,FIFAWorldCup
227gaming,FIFAWorldCup
227gaming,FIFAWorldCup
227gaming,FIFAWorldCup
227gaming,FIFAWorldCup
227gaming,FIFAWorldCup
227gaming,FIFAWorldCup
227gaming,FIFAWorldCup
227gaming,FIFAWorldCup
227gaming,FIFAWorldCup
227gaming,FIFAWorldCup
227gaming,FIFAWorldCup
FTunanovic,Croatia
FTunanovic,WorldCup
FTunanovic,Family
FTunanovic,Vatreni
GoranBosstm,Croatia
GoranBosstm,Croatia
GoranBosstm,Qatar2022
KolindaGK,Vukovar
KolindaGK,Croatia
KolindaGK,Ukraine
KolindaGK,Ukraine
KolindaGK,Ukraine
KolindaGK,FIFAWorldCup
KolindaGK,Vatreni
KolindaGK,Qatar2022
KolindaGK,Vatreni
KolindaGK,Qatar2022
KolindaGK,Croatia
Agenterino,F1
mhinic_,F1
mhinic_,F1
mhinic_,WorldCup2022
mhinic_,WorldCup2022
mhinic_,WorldCup2022
mhinic_,CROCAN
mhinic_,FIFAWorldCup
mhinic_,WorldCup2022
plivamuzlajno,WorldCup
plivamuzlajno,hrvatska
plivamuzlajno,hrvatska
plivamuzlajno,Vukovar
plivamuzlajno,Croatia
plivamuzlajno,Qatar2022
plivamuzlajno,Qatar2022
plivamuzlajno,FIFAWorldCup
plivamuzlajno,Qatar2022
plivamuzlajno,Vatreni
plivamuzlajno,FIFAWorldCup
plivamuzlajno,Qatar2022
plivamuzlajno,Vatreni
plivamuzlajno,FIFAWorldCup
plivamuzlajno,Qatar2022
plivamuzlajno,Vatreni
NenadKospic,NFT
NenadKospic,NFT
NenadKospic,NFT
NenadKospic,NFT
NenadKospic,NFT
NenadKospic,NFT
NenadKospic,crypto
_Sanja_L,FIFAWorldCup
_Sanja_L,FIFAWorldCup
_Sanja_L,FIFAWorldCup
kkdinamo,croatia
brajko_iv,crypto
brajko_iv,photography
PlitviceLakesNP,Croatia
PlitviceLakesNP,Croatia
PlitviceLakesNP,Croatia
PlitviceLakesNP,Croatia
PlitviceLakesNP,Croatia
PlitviceLakesNP,Croatia
PlitviceLakesNP,Croatia
PlitviceLakesNP,Croatia
PlitviceLakesNP,Croatia
PlitviceLakesNP,Croatia
PlitviceLakesNP,Croatia
FranceenCroatie,Zagreb
FranceenCroatie,Zagreb
z_grgic96,croatia
z_grgic96,croatia
z_grgic96,croatia
z_grgic96,croatia
z_grgic96,croatia
z_grgic96,croatia
z_grgic96,Croatia
z_grgic96,WorldCup2022
z_grgic96,Vatreni
z_grgic96,Croatia
z_grgic96,Croatia
z_grgic96,WorldCup
z_grgic96,Family
z_grgic96,Vatreni
z_grgic96,croatia
z_grgic96,Croatia
z_grgic96,Croatia
z_grgic96,croatia
z_grgic96,Croatia
z_grgic96,croatia
z_grgic96,croatia
z_grgic96,croatia
z_grgic96,croatia
z_grgic96,croatia
z_grgic96,WorldCup2022
z_grgic96,croatia
z_grgic96,FIFAWorldCup
z_grgic96,Croatia
z_grgic96,Croatia
z_grgic96,WorldCup2022
z_grgic96,croatia
z_grgic96,croatia
z_grgic96,Croatia
z_grgic96,FIFAWorldCup
z_grgic96,Family
z_grgic96,Vatreni
z_grgic96,Qatar2022
z_grgic96,croatia
z_grgic96,WorldCup2022
z_grgic96,Croatia
z_grgic96,FIFAWorldCup
z_grgic96,Qatar2022
z_grgic96,Family
z_grgic96,Vatreni
z_grgic96,croatia
z_grgic96,Croatia
z_grgic96,CROCAN
z_grgic96,FIFAWorldCup
z_grgic96,Qatar2022
z_grgic96,Family
z_grgic96,Vatreni
z_grgic96,FIFAWorldCup
z_grgic96,croatia
z_grgic96,croatia
SunLightMDE,F1
SunLightMDE,F1
SunLightMDE,F1
ViolinistaGila,Qatar2022
USEmbZagreb,Zagreb
USEmbZagreb,Croatia
TigiBorg,photography
TigiBorg,photography
TigiBorg,FIFAWorldCup
TigiBorg,photography
TigiBorg,photography
RBesigns,croatia
NBiliskov,COP27
HRStwitt,Vukovar
HRStwitt,Vatreni
HRStwitt,FIFAWorldCup
RTLDanas,hrvatska
RTLDanas,hrvatska
RTLDanas,hrvatska
RTLDanas,hrvatska
RTLDanas,hrvatska
RTLDanas,hrvatska
RTLDanas,hrvatska
RTLDanas,hrvatska
RTLDanas,hrvatska
RTLDanas,hrvatska
RTLDanas,hrvatska
RTLDanas,hrvatska
RTLDanas,hrvatska
RTLDanas,hrvatska
RTLDanas,hrvatska
RTLDanas,hrvatska
RTLDanas,hrvatska
RTLDanas,hrvatska
RTLDanas,hrvatska
RTLDanas,hrvatska
RTLDanas,hrvatska
MetaEvangelist,crypto
MetaEvangelist,NFT
MetaEvangelist,Bitcoin
MetaEvangelist,NFT
MetaEvangelist,NFT
HRCERT,WorldCup2022
4filmproduction,Croatia
realMarioHren,FIFAWorldCup
realMarioHren,FIFAWorldCup
realMarioHren,FIFAWorldCup
realMarioHren,FIFAWorldCup
realMarioHren,FIFAWorldCup
realMarioHren,WorldCup
realMarioHren,FIFAWorldCup
realMarioHren,FIFAWorldCup
realMarioHren,FIFAWorldCup
realMarioHren,WorldCup
realMarioHren,Qatar2022
realMarioHren,Qatar2022
realMarioHren,WorldCup
realMarioHren,Qatar2022
realMarioHren,WorldCup
realMarioHren,Qatar2022
realMarioHren,FIFAWorldCup
realMarioHren,WorldCup
realMarioHren,WorldCup
realMarioHren,FIFAWorldCup
realMarioHren,FIFAWorldCup
realMarioHren,FIFAWorldCup
realMarioHren,Qatar2022
realMarioHren,FIFAWorldCup
realMarioHren,FIFAWorldCup
realMarioHren,FIFAWorldCup
realMarioHren,FIFAWorldCup
realMarioHren,FIFAWorldCup
realMarioHren,FIFAWorldCup
realMarioHren,Vatreni
realMarioHren,Vatreni
realMarioHren,FIFAWorldCup
realMarioHren,Qatar2022
pat_dirk,F1
pat_dirk,WorldCup2022
pat_dirk,CROCAN
ProgFromSouth,Croatia
IrishRijeka,Croatia
LeaMari80608713,Vukovar
LeaMari80608713,Croatia
RiouGenaku,WorldCup2022
SimunicMatija,photography
SimunicMatija,Croatia
Lordbutterfly,Croatia
Lordbutterfly,crypto
Lordbutterfly,Ukraine
Lordbutterfly,Croatia
Lordbutterfly,WorldCup
Lordbutterfly,Croatia
Lordbutterfly,Croatia
Lordbutterfly,Croatia
Lordbutterfly,WorldCup2022
Lordbutterfly,Croatia
Lordbutterfly,WorldCup2022
Lordbutterfly,croatia
Lordbutterfly,crypto
vooneni,WorldCup2022
MalesNikola,Croatia
TomislavMehkek,FIFAWorldCup
TomislavMehkek,FIFAWorldCup
TomislavMehkek,FIFAWorldCup
TomislavMehkek,FIFAWorldCup
DugopoljeOrg,Ukraine
DugopoljeOrg,Ukraine
tgloban,Croatia
tgloban,Family
tgloban,Vatreni
tgloban,Croatia
tgloban,WorldCup
tgloban,Family
tgloban,Vatreni
tgloban,Vatreni
tgloban,Vatreni
tgloban,FIFAWorldCup
tgloban,FIFAWorldCup
tgloban,CROCAN
tgloban,Vatreni
tgloban,WorldCup2022
0viking0VR,NFT
0viking0VR,crypto
0viking0VR,art
claudiaivic1,COP27
maljciki,F1
BasicBrokerDotC,COP27
BasicBrokerDotC,COP27
BasicBrokerDotC,Croatia
LucijaRadikovic,WorldCup2022
LucijaRadikovic,FIFAWorldCup
LucijaRadikovic,Qatar2022
LucijaRadikovic,FIFAWorldCup
LucijaRadikovic,Croatia
LucijaRadikovic,CROCAN
LucijaRadikovic,FIFAWorldCup
LucijaRadikovic,Qatar2022
LucijaRadikovic,Family
LucijaRadikovic,Vatreni
LucijaRadikovic,CROCAN
LucijaRadikovic,FIFAWorldCup
LucijaRadikovic,Qatar2022
LucijaRadikovic,Family
LucijaRadikovic,Vatreni
LucijaRadikovic,Vatreni
LucijaRadikovic,FIFAWorldCup
LucijaRadikovic,Qatar2022
LucijaRadikovic,Croatia
LucijaRadikovic,Family
boban_tv,crypto
repaveli_p,Ukraine
you_mad_doggie,Qatar2022
davelassen,FIFAWorldCup
KevKalombo,CROCAN
KevKalombo,CROCAN
KevKalombo,CROCAN
DavorVitkovic,FIFAWorldCup
goldkookjin,FIFAWorldCup
marijana_petir,Croatia
marijana_petir,Croatia
marijana_petir,Croatia
marijana_petir,Croatia
marijana_petir,Vukovar
marijana_petir,Vukovar
marijana_petir,Vukovar
marijana_petir,Vatreni
marijana_petir,Croatia
marijana_petir,Vatreni
marijana_petir,FIFAWorldCup
marijana_petir,Vatreni
marijana_petir,CROCAN
marijana_petir,FIFAWorldCup
marijana_petir,Qatar2022
marijana_petir,Family
marijana_petir,Croatia
Kristijankaric1,WorldCup2022
Kristijankaric1,FIFAWorldCup
Kristijankaric1,NFT
Kristijankaric1,FIFAWorldCup
Kristijankaric1,NFT
Kristijankaric1,WorldCup2022
Funky_Junkie_,Vatreni
Funky_Junkie_,CROCAN
Funky_Junkie_,FIFAWorldCup
Funky_Junkie_,Qatar2022
Funky_Junkie_,Family
Funky_Junkie_,Croatia
vinjango,Bitcoin
HRvojnik,Vukovar
HRvojnik,Vukovar
libertarijanska,Zagreb
perotanta,FIFAWorldCup
MoloLozna,Croatia
MoloLozna,Croatia
UKSimonT,Zagreb
dora_mufc,Croatia
dora_mufc,WorldCup
dora_mufc,Family
dora_mufc,Vatreni
tole_car,crypto
Lela2609VuCro,Croatia
Lela2609VuCro,Vukovar
Lela2609VuCro,Croatia
Lela2609VuCro,Vatreni
Lela2609VuCro,Vukovar
Lela2609VuCro,Croatia
Lela2609VuCro,Croatia
Lela2609VuCro,Vatreni
Lela2609VuCro,Vatreni
Lela2609VuCro,Croatia
Lela2609VuCro,Croatia
Uttec,Qatar2022
bre_jew,crypto
bre_jew,crypto
bre_jew,crypto
bre_jew,Croatia
bre_jew,Croatia
bre_jew,Croatia
maateja_,FIFAWorldCup
maateja_,Qatar2022
maateja_,FIFAWorldCup
maateja_,FIFAWorldCup
maateja_,Vatreni
maateja_,Vatreni
maateja_,FIFAWorldCup
dkocis,hrvatska
dkocis,hrvatska
dkocis,Croatia
dkocis,FIFAWorldCup
dkocis,Qatar2022
dkocis,Family
dkocis,Vatreni
levelzjee,FIFAWorldCup
bornastrbac,Vukovar
vu_goran,Ukraine
some1fromCro,Croatia
some1fromCro,FIFAWorldCup
some1fromCro,Family
some1fromCro,Vatreni
some1fromCro,Qatar2022
some1fromCro,Croatia
MusicNadramia,Qatar2022
AnkaBilic,FIFAWorldCup
ITAZagreb,Zagreb
ITAZagreb,Zagreb
ITAZagreb,Zagreb
ITAZagreb,Zagreb
Gh0st23,FIFAWorldCup
Gh0st23,Qatar2022
Gh0st23,Family
Gh0st23,Croatia
draganic_darko,NFT
MarkoStgtZg,CROCAN
PPuljic92,FIFAWorldCup
Bojan_Agatic,Bitcoin
SDPHrvatske,FIFAWorldCup
catherinemihalj,NFT
VladaRH,COP27
SebastianRogac,Croatia
SebastianRogac,Vukovar
SebastianRogac,Vatreni
SebastianRogac,CROCAN
SebastianRogac,FIFAWorldCup
SebastianRogac,Qatar2022
SebastianRogac,Family
SebastianRogac,Croatia
SebastianRogac,Croatia
HrMarkom,COP27
HrMarkom,COP27
HrMarkom,Vatreni
BracoHrvatiUBoj,Zagreb
st_eugene,Ukraine
st_eugene,Ukraine
SibenikTB,Croatia
SibenikTB,Croatia
SibenikTB,Croatia
sdewes_centre,COP27
Socijaldemokrat,COP27
Socijaldemokrat,Zagreb
Socijaldemokrat,Ukraine
TN_analize,FIFAWorldCup
TN_analize,FIFAWorldCup
njemacko_vlp,COP27
njemacko_vlp,COP27
njemacko_vlp,COP27
njemacko_vlp,COP27
njemacko_vlp,COP27
njemacko_vlp,COP27
njemacko_vlp,COP27
njemacko_vlp,COP27
golhr,hrvatska
golhr,hrvatska
golhr,hrvatska
golhr,hrvatska
golhr,hrvatska
golhr,hrvatska
golhr,hrvatska
golhr,hrvatska
golhr,hrvatska
golhr,hrvatska
golhr,hrvatska
golhr,hrvatska
golhr,hrvatska
golhr,hrvatska
golhr,hrvatska
golhr,hrvatska
golhr,hrvatska
golhr,hrvatska
golhr,hrvatska
golhr,hrvatska
golhr,hrvatska
golhr,hrvatska
golhr,hrvatska
golhr,hrvatska
golhr,hrvatska
golhr,hrvatska
golhr,hrvatska
golhr,hrvatska
golhr,hrvatska
golhr,hrvatska
golhr,hrvatska
golhr,hrvatska
golhr,hrvatska
golhr,hrvatska
golhr,hrvatska
golhr,hrvatska
golhr,hrvatska
golhr,croatia
golhr,CROCAN
golhr,FIFAWorldCup
golhr,croatia
golhr,FIFAWorldCup
golhr,CROCAN
golhr,hrvatska
golhr,hrvatska
golhr,hrvatska
Croatia_hr,Vukovar
Croatia_hr,Croatia
Croatia_hr,Croatia
Croatia_hr,Vatreni
Croatia_hr,Croatia
KMahecic,Vukovar
EmbEspCroacia,Vukovar
KKaticic,Ukraine
josipgojak,Ukraine
josipgojak,Vukovar
HDSZAMP,hrvatska
HDSZAMP,hrvatska
HDSZAMP,hrvatska
HDSZAMP,croatia
HDSZAMP,hrvatska
HDSZAMP,hrvatska
HDSZAMP,hrvatska
HDSZAMP,croatia
HDSZAMP,hrvatska
HDSZAMP,hrvatska
HDSZAMP,hrvatska
HDSZAMP,croatia
HDSZAMP,hrvatska
HDSZAMP,hrvatska
HDSZAMP,hrvatska
HDSZAMP,hrvatska
HDSZAMP,hrvatska
HDSZAMP,hrvatska
HDSZAMP,hrvatska
HDSZAMP,hrvatska
HDSZAMP,hrvatska
HDSZAMP,hrvatska
HDSZAMP,croatia
HDSZAMP,hrvatska
HDSZAMP,hrvatska
HDSZAMP,croatia
HDSZAMP,hrvatska
HDSZAMP,hrvatska
HDSZAMP,hrvatska
HDSZAMP,croatia
MartaPetkovic,Vukovar
KarloRessler,Vukovar
KarloRessler,Ukraine
KarloRessler,Vatreni
KarloRessler,CROCAN
KarloRessler,FIFAWorldCup
KarloRessler,Qatar2022
KarloRessler,Family
KarloRessler,Croatia
izrinusic,Croatia
izrinusic,Vukovar
bornaimate,FIFAWorldCup
bornaimate,Qatar2022
IvanHakstok,Croatia
IvanHakstok,FIFAWorldCup
IvanHakstok,Vatreni
Braant_Zagreb,Zagreb
Braant_Zagreb,CROCAN
alanbowman42,Zagreb
alanbowman42,Zagreb
alanbowman42,Zagreb
alanbowman42,Zagreb
alanbowman42,Zagreb
alanbowman42,Vukovar
AlexHoliga,Croatia
AlexHoliga,WorldCup
AlexHoliga,Family
AlexHoliga,Vatreni
AlexHoliga,FIFAWorldCup
raleubojica,croatia
FMatusic,Ukraine
FMatusic,Croatia
RightSaidDredd,croatia
StipeCorluka,croatia
GorankaP,Zagreb
Sindikatnovinar,Vukovar
CROinIstanbul,Zagreb
CROinIstanbul,Vukovar
idapandur,Vatreni
idapandur,Croatia
___Lupa____,Ukraine
___Lupa____,Ukraine
___Lupa____,Vukovar
___Lupa____,Croatia
nino_kadic,Zagreb
Ski_San,NFT
Ski_San,NFT
Ski_San,NFT
Ski_San,NFT
sidsgrandma9,FIFAWorldCup
sidsgrandma9,FIFAWorldCup
sidsgrandma9,FIFAWorldCup
sidsgrandma9,FIFAWorldCup
sidsgrandma9,FIFAWorldCup
sidsgrandma9,FIFAWorldCup
sidsgrandma9,Family
sidsgrandma9,Vatreni
sidsgrandma9,FIFAWorldCup
I_van_B,croatia
sorare_croatia,WorldCup
sorare_croatia,Qatar2022
sorare_croatia,Croatia
sorare_croatia,FIFAWorldCup
sorare_croatia,Family
sorare_croatia,Vatreni
sorare_croatia,Qatar2022
Broj__1,WorldCup
Broj__1,WorldCup
IrlEmbCroatia,Zagreb
IrlEmbCroatia,Vatreni
IrlEmbCroatia,FIFAWorldCup
IrlEmbCroatia,Qatar2022
IrlEmbCroatia,Croatia
IrlEmbCroatia,FIFAWorldCup
IrlEmbCroatia,Family
IrlEmbCroatia,Vatreni
IrlEmbCroatia,Zagreb
IrlEmbCroatia,Zagreb
ivannovko,NFT
netgentweets,croatia
BencalMorana,Ukraine
keplam,COP27
keplam,COP27
keplam,COP27
keplam,COP27
keplam,COP27
keplam,COP27
keplam,COP27
keplam,COP27
keplam,COP27
keplam,COP27
keplam,COP27
keplam,COP27
keplam,COP27
keplam,COP27
keplam,COP27
keplam,COP27
keplam,COP27
keplam,COP27
keplam,COP27
mark_123i,Ukraine
mark_123i,Ukraine
mark_123i,Ukraine
mark_123i,Ukraine
mark_123i,Ukraine
mark_123i,Ukraine
mark_123i,Ukraine
mark_123i,Ukraine
mark_123i,Croatia
mark_123i,Ukraine
mark_123i,Croatia
mark_123i,Vukovar
cryptobaba11,crypto
cryptobaba11,crypto
zvonimirVK,Vukovar
zvonimirVK,Vukovar
zvonimirVK,croatia
itsmihael,crypto
ItalyinCroatia,Croatia
ItalyinCroatia,Croatia
ItalyinCroatia,Croatia
ItalyinCroatia,Zagreb
ItalyinCroatia,Croatia
ItalyinCroatia,Croatia
Zelenaakcija,Zagreb
Zelenaakcija,Zagreb
IgorMatutinovic,COP27
eugenvarzic,art
Pincetic19,FIFAWorldCup
Pincetic19,Qatar2022
Pincetic19,FIFAWorldCup
yohardwell,F1
yohardwell,F1
malibuddha024,Croatia
crotweet,photography
crotweet,Croatia
crotweet,CROCAN
crotweet,CROCAN
crotweet,CROCAN
UKinCroatia,Zagreb
UKinCroatia,Zagreb
UKinCroatia,Zagreb
IRANinCROATIA,Qatar2022
IRANinCROATIA,WorldCup2022
IRANinCROATIA,Qatar2022
excountries,art
domagojart,art
SuperAldi,Qatar2022
SuperAldi,Qatar2022
SuperAldi,Qatar2022
SuperAldi,Qatar2022
SuperAldi,Qatar2022
AnchyH,Croatia
AnchyH,FIFAWorldCup
AnchyH,Family
AnchyH,Vatreni
AnchyH,FIFAWorldCup
AnchyH,Qatar2022
AnchyH,Croatia
AnchyH,Family
AnchyH,Vatreni
AnchyH,WorldCup2022
AnchyH,Croatia
AnchyH,CROCAN
AnchyH,FIFAWorldCup
AnchyH,Qatar2022
AnchyH,Family
AnchyH,Vatreni
AnchyH,CROCAN
AnchyH,FIFAWorldCup
AnchyH,Qatar2022
AnchyH,Family
AnchyH,Vatreni
AnchyH,Vatreni
AnchyH,CROCAN
AnchyH,FIFAWorldCup
AnchyH,Qatar2022
AnchyH,Family
AnchyH,Croatia
average_levi,FIFAWorldCup
average_levi,FIFAWorldCup
average_levi,FIFAWorldCup
average_levi,FIFAWorldCup
average_levi,FIFAWorldCup
average_levi,FIFAWorldCup
average_levi,FIFAWorldCup
average_levi,FIFAWorldCup
average_levi,FIFAWorldCup
average_levi,FIFAWorldCup
average_levi,FIFAWorldCup
average_levi,FIFAWorldCup
average_levi,FIFAWorldCup
average_levi,FIFAWorldCup
average_levi,FIFAWorldCup
average_levi,FIFAWorldCup
average_levi,CROCAN
average_levi,FIFAWorldCup
average_levi,Qatar2022
average_levi,Family
average_levi,Vatreni
average_levi,FIFAWorldCup
average_levi,Vatreni
average_levi,FIFAWorldCup
average_levi,FIFAWorldCup
average_levi,Vatreni
MartinaPavlek,Croatia
realIvanSam,CROCAN
MarkoKvitek,croatia
MarkoKvitek,Bitcoin
MarkoKvitek,NFT
MarkoKvitek,NFT
MarkoKvitek,NFT
zoran_zkovacic,hrvatska
Marko__Marusic,Vatreni
Marko__Marusic,Vatreni
MladezMatulji,Vukovar
Wallyl4ever,croatia
HRCPRC95,Zagreb
matejbrecic,Vukovar
aldourem,Bitcoin
aldourem,crypto
aldourem,Bitcoin
aldourem,Bitcoin
slatkichu,WorldCup2022
slatkichu,WorldCup
MarkoKucic,FIFAWorldCup
Scorpio_1972_,Croatia
zorica_ali,photography
mykitchen_tweet,COP27
mykitchen_tweet,COP27
peculiarjulia,COP27
JakovDzafic,Vukovar
mbudiselicbuda,Qatar2022
davorfilipovic2,COP27
davorfilipovic2,COP27
MurielKamgang,Croatia
MurielKamgang,WorldCup2022
KarloZorec,Ukraine
KarloZorec,Bitcoin
31031989_,FIFAWorldCup
StateOfCroatia,Zagreb
StateOfCroatia,Croatia
StateOfCroatia,Croatia
StateOfCroatia,Vukovar
StateOfCroatia,Ukraine
StateOfCroatia,Croatia
StateOfCroatia,Vukovar
StateOfCroatia,Vukovar
StateOfCroatia,Croatia
StateOfCroatia,Croatia
StateOfCroatia,Croatia
StateOfCroatia,WorldCup
StateOfCroatia,Vatreni
StateOfCroatia,Croatia
StateOfCroatia,CROCAN
StateOfCroatia,Croatia
StateOfCroatia,CROCAN
StateOfCroatia,WorldCup
StateOfCroatia,Croatia
StateOfCroatia,WorldCup
StateOfCroatia,Vatreni
StateOfCroatia,Vatreni
StateOfCroatia,croatia
ivana3140934,Vatreni
ivana3140934,CROCAN
ivana3140934,CROCAN
ivana3140934,Vatreni
ivana3140934,CROCAN
ivana3140934,CROCAN
ivana3140934,Vatreni
VKuduz,Vukovar
salwe30,NFT
salwe30,NFT
salwe30,NFT
salwe30,NFT
salwe30,NFT
salwe30,NFT
salwe30,NFT
salwe30,NFT
salwe30,NFT
salwe30,NFT
salwe30,NFT
salwe30,NFT
salwe30,NFT
salwe30,NFT
salwe30,NFT
salwe30,NFT
salwe30,NFT
salwe30,NFT
salwe30,NFT
salwe30,NFT
salwe30,NFT
salwe30,NFT
salwe30,NFT
salwe30,NFT
salwe30,NFT
salwe30,NFT
salwe30,NFT
salwe30,NFT
salwe30,NFT
salwe30,NFT
salwe30,NFT
salwe30,NFT
salwe30,NFT
salwe30,NFT
salwe30,NFT
salwe30,NFT
salwe30,NFT
salwe30,NFT
salwe30,NFT
salwe30,NFT
salwe30,NFT
salwe30,NFT
salwe30,NFT
salwe30,NFT
salwe30,NFT
salwe30,NFT
salwe30,NFT
salwe30,NFT
salwe30,NFT
salwe30,NFT
salwe30,NFT
salwe30,NFT
salwe30,NFT
salwe30,NFT
salwe30,Croatia
salwe30,NFT
salwe30,NFT
CroatiaSck,Vukovar
CroatiaSck,Vukovar
CroatiaSck,Vukovar
CroatiaSck,FIFAWorldCup
CroatiaSck,Croatia
CroatiaSck,Family
CroatiaSck,FIFAWorldCup
CroatiaSck,Croatia
CroatiaSck,Family
Nikita12737693,Croatia
crotsunami,Vatreni
crotsunami,CROCAN
crotsunami,FIFAWorldCup
crotsunami,Qatar2022
crotsunami,Family
crotsunami,Croatia
el_dominquez,CROCAN
el_dominquez,FIFAWorldCup
el_dominquez,Croatia
el_dominquez,CROCAN
el_dominquez,FIFAWorldCup
el_dominquez,Qatar2022
el_dominquez,Family
el_dominquez,Vatreni
el_dominquez,CROCAN
el_dominquez,FIFAWorldCup
el_dominquez,CROCAN
el_dominquez,FIFAWorldCup
nanaglavinich,hrvatska
nanaglavinich,Vukovar
nanaglavinich,Vukovar
sadece_amanim,FIFAWorldCup
bo_jan,hrvatska
Ines_L,Vatreni
CipekOfHonour,crypto
robertsimicart,art
robertsimicart,art
DESIGNBYnube,art
DESIGNBYnube,photography
DESIGNBYnube,art
DESIGNBYnube,photography
DESIGNBYnube,art
DESIGNBYnube,art
DESIGNBYnube,photography
DESIGNBYnube,art
DESIGNBYnube,photography
DESIGNBYnube,art
DESIGNBYnube,art
DESIGNBYnube,photography
DESIGNBYnube,art
DESIGNBYnube,photography
MirelaPadjen,Ukraine
MirelaPadjen,COP27
MirelaPadjen,Vatreni
MirelaPadjen,CROCAN
MirelaPadjen,FIFAWorldCup
MirelaPadjen,Qatar2022
MirelaPadjen,Family
MirelaPadjen,Croatia
nebojsaveron,Bitcoin
tibor_kovac7,FIFAWorldCup
NinaPusic,COP27
NinaPusic,COP27
NinaPusic,COP27
NinaPusic,COP27
NinaPusic,COP27
GAPquartet,Qatar2022
MAKK_Zg,hrvatska
MAKK_Zg,hrvatska
MAKK_Zg,croatia
MAKK_Zg,hrvatska
MAKK_Zg,croatia
MAKK_Zg,hrvatska
MAKK_Zg,croatia
MAKK_Zg,hrvatska
MAKK_Zg,hrvatska
MAKK_Zg,hrvatska
MAKK_Zg,hrvatska
MAKK_Zg,hrvatska
MAKK_Zg,croatia
MAKK_Zg,hrvatska
MAKK_Zg,hrvatska
MAKK_Zg,hrvatska
MAKK_Zg,hrvatska
MAKK_Zg,hrvatska
MAKK_Zg,hrvatska
MAKK_Zg,hrvatska
MAKK_Zg,hrvatska
MAKK_Zg,hrvatska
MAKK_Zg,croatia
DianaJunakovic,NFT
scedroisland,Zagreb
scedroisland,Zagreb
scedroisland,Zagreb
scedroisland,Zagreb
scedroisland,Zagreb
NinoslavSafaric,Ukraine
NinoslavSafaric,Ukraine
NinoslavSafaric,Ukraine
NinoslavSafaric,Ukraine
NinoslavSafaric,Ukraine
NinoslavSafaric,Ukraine
NinoslavSafaric,Ukraine
NinoslavSafaric,Ukraine
NinoslavSafaric,Ukraine
NinoslavSafaric,Ukraine
NinoslavSafaric,Ukraine
NinoslavSafaric,Ukraine
NinoslavSafaric,Ukraine
NinoslavSafaric,Ukraine
NinoslavSafaric,Ukraine
NinoslavSafaric,Ukraine
NinoslavSafaric,Ukraine
VujaYT,WorldCup
ovunque___sarai,croatia
ovunque___sarai,FIFAWorldCup
ovunque___sarai,FIFAWorldCup
ovunque___sarai,Qatar2022
ovunque___sarai,Vatreni
ovunque___sarai,Croatia
ovunque___sarai,FIFAWorldCup
ovunque___sarai,Family
ovunque___sarai,Vatreni
ovunque___sarai,Qatar2022
ovunque___sarai,FIFAWorldCup
ovunque___sarai,FIFAWorldCup
NiksicSara,art
NiksicSara,art
ElektromodulT,croatia
ValentinaBilic,crypto
Gush_ArtStudio,art
Gush_ArtStudio,art
Gush_ArtStudio,art
Gush_ArtStudio,art
LucianMrzlic,Vatreni
LucianMrzlic,CROCAN
LucianMrzlic,FIFAWorldCup
LucianMrzlic,Qatar2022
LucianMrzlic,Family
LucianMrzlic,Croatia
IvanKolak1,croatia
PredragFurdin,Zagreb
loneSardaukar,photography
CikacMatko,Croatia
fattynochujk,FIFAWorldCup
RealMarkaN,FIFAWorldCup
RealMarkaN,Qatar2022
RealMarkaN,Vatreni
RealMarkaN,Vatreni
zadarski_list,Croatia
zadarski_list,CROCAN
zadarski_list,FIFAWorldCup
zadarski_list,Qatar2022
zadarski_list,Family
zadarski_list,Vatreni
zadarski_list,Qatar2022
